fecha,PM10_horas_validas,PM10_indicador_d,PM2.5_horas_validas,PM2.5_indicador_d,O3_horas_validas,O3_indicador_d,PM10_cat_d,PM2.5_cat_d,O3_cat_d,categoria_d_id,categoria_d,dominantes_d,cobertura_3_contaminantes
2024-03-01,24,40.0,14,,24,0.062,0,,1,1,Aceptable,O3,False
2024-03-02,24,37.0,16,,22,0.068,0,,1,1,Aceptable,O3,False
2024-03-03,21,43.0,20,28.0,18,0.057,0,1.0,0,1,Aceptable,PM2.5,True
2024-03-04,23,33.0,14,,24,0.059,0,,1,1,Aceptable,O3,False
2024-03-05,23,49.0,14,,20,0.077,1,,1,1,Aceptable,"PM10, O3",False
2024-03-06,22,49.0,14,,24,0.069,1,,1,1,Aceptable,"PM10, O3",False
2024-03-07,18,41.0,11,,19,0.045,0,,0,0,Buena,"PM10, O3",False
2024-03-08,19,53.0,18,32.0,17,0.019,1,1.0,0,1,Aceptable,"PM10, PM2.5",True
2024-03-09,22,46.0,11,,20,0.022,1,,0,1,Aceptable,PM10,False
2024-03-10,21,42.0,17,,17,0.05,0,,0,0,Buena,"PM10, O3",False
2024-03-11,24,47.0,12,,15,0.017,1,,0,1,Aceptable,PM10,False
2024-03-12,23,45.0,15,,23,0.036,0,,0,0,Buena,"PM10, O3",False
2024-03-13,24,47.0,18,37.0,23,0.025,1,2.0,0,2,Mala,PM2.5,True
2024-03-14,24,49.0,13,,24,0.023,1,,0,1,Aceptable,PM10,False
2024-03-15,24,48.0,12,,20,0.021,1,,0,1,Aceptable,PM10,False
2024-03-16,23,45.0,16,,23,0.026,0,,0,0,Buena,"PM10, O3",False
2024-03-17,19,37.0,18,22.0,21,0.011,0,1.0,0,1,Aceptable,PM2.5,True
2024-03-18,21,37.0,14,,21,0.019,0,,0,0,Buena,"PM10, O3",False
2024-03-19,22,54.0,15,,24,0.027,1,,0,1,Aceptable,PM10,False
2024-03-20,22,34.0,14,,21,0.041,0,,0,0,Buena,"PM10, O3",False
2024-03-21,23,44.0,15,,22,0.018,0,,0,0,Buena,"PM10, O3",False
2024-03-22,22,38.0,13,,20,0.026,0,,0,0,Buena,"PM10, O3",False
2024-03-23,24,44.0,11,,17,0.036,0,,0,0,Buena,"PM10, O3",False
2024-03-24,20,34.0,12,,24,0.028,0,,0,0,Buena,"PM10, O3",False
2024-03-25,20,50.0,14,,24,0.029,1,,0,1,Aceptable,PM10,False
2024-03-26,22,46.0,15,,23,0.029,1,,0,1,Aceptable,PM10,False
2024-03-27,24,51.0,10,,21,0.092,1,,2,2,Mala,O3,False
2024-03-28,24,56.0,15,,22,0.098,1,,2,2,Mala,O3,False
2024-03-29,22,41.0,13,,24,0.087,0,,1,1,Aceptable,O3,False
2024-03-30,21,43.0,12,,24,0.082,0,,1,1,Aceptable,O3,False
2024-03-31,21,38.0,14,,24,0.08,0,,1,1,Aceptable,O3,False
