estacion,fecha_hora,O3_ppm,PM10_ug_m3,PM25_ug_m3,temperatura_interna_C,velocidad_viento,temperatura_ambiente_C,humedad_relativa_pct,direccion_viento_grados,PM10_indicador_h,PM2.5_indicador_h,O3_indicador_h,PM10_cat_h,PM2.5_cat_h,O3_cat_h,categoria_h_id,categoria_h,dominantes_h,fecha
TLA,2024-03-01 00:00:00,0.013,15.0,,18.77,,,,,,,0.013,,,0.0,0.0,Buena,O3,2024-03-01
TLA,2024-03-01 01:00:00,0.002,20.0,,18.6,,,,,,,0.002,,,0.0,0.0,Buena,O3,2024-03-01
TLA,2024-03-01 02:00:00,0.002,29.0,,18.46,,,,,,,0.002,,,0.0,0.0,Buena,O3,2024-03-01
TLA,2024-03-01 03:00:00,0.012,22.0,15.8,18.15,,,,,,,0.012,,,0.0,0.0,Buena,O3,2024-03-01
TLA,2024-03-01 04:00:00,0.012,18.0,13.8,17.82,,,,,,,0.012,,,0.0,0.0,Buena,O3,2024-03-01
TLA,2024-03-01 05:00:00,0.007,10.0,,17.58,,,,,,,0.007,,,0.0,0.0,Buena,O3,2024-03-01
TLA,2024-03-01 06:00:00,0.001,16.0,,17.5,,,,,,,0.001,,,0.0,0.0,Buena,O3,2024-03-01
TLA,2024-03-01 07:00:00,0.001,67.0,64.8,17.46,,,,,,,0.001,,,0.0,0.0,Buena,O3,2024-03-01
TLA,2024-03-01 08:00:00,0.004,117.0,74.3,17.47,,,,,,,0.004,,,0.0,0.0,Buena,O3,2024-03-01
TLA,2024-03-01 09:00:00,0.016,88.0,78.5,18.03,2.12,,,,,,0.016,,,0.0,0.0,Buena,O3,2024-03-01
TLA,2024-03-01 10:00:00,0.036,130.0,65.4,19.03,1.08,,,,,,0.036,,,0.0,0.0,Buena,O3,2024-03-01
TLA,2024-03-01 11:00:00,0.052,105.0,42.7,19.49,3.16,,,,40.0,28.0,0.052,0.0,1.0,0.0,1.0,Aceptable,PM2.5,2024-03-01
TLA,2024-03-01 12:00:00,0.058,77.0,27.8,19.37,2.48,,,,35.0,21.0,0.058,0.0,1.0,0.0,1.0,Aceptable,PM2.5,2024-03-01
TLA,2024-03-01 13:00:00,0.057,46.0,20.6,18.76,3.12,,,,26.0,16.0,0.057,0.0,1.0,0.0,1.0,Aceptable,PM2.5,2024-03-01
TLA,2024-03-01 14:00:00,0.062,36.0,17.1,18.78,8.75,,,,20.0,12.0,0.062,0.0,0.0,1.0,1.0,Aceptable,O3,2024-03-01
TLA,2024-03-01 15:00:00,0.049,47.0,8.1,19.01,5.06,,,,19.0,8.0,0.049,0.0,0.0,0.0,0.0,Buena,"PM10, PM2.5, O3",2024-03-01
TLA,2024-03-01 16:00:00,0.049,37.0,18.2,18.89,,,,,16.0,9.0,0.049,0.0,0.0,0.0,0.0,Buena,"PM10, PM2.5, O3",2024-03-01
TLA,2024-03-01 17:00:00,0.047,31.0,29.3,19.27,3.19,,,,14.0,12.0,0.047,0.0,0.0,0.0,0.0,Buena,"PM10, PM2.5, O3",2024-03-01
TLA,2024-03-01 18:00:00,0.036,25.0,15.4,19.48,4.27,,,,12.0,10.0,0.036,0.0,0.0,0.0,0.0,Buena,"PM10, PM2.5, O3",2024-03-01
TLA,2024-03-01 19:00:00,0.028,9.0,,19.42,3.03,,,,8.0,10.0,0.028,0.0,0.0,0.0,0.0,Buena,"PM10, PM2.5, O3",2024-03-01
TLA,2024-03-01 20:00:00,0.023,2.0,,19.36,3.05,,,,4.0,,0.023,0.0,,0.0,0.0,Buena,"PM10, O3",2024-03-01
TLA,2024-03-01 21:00:00,0.02,3.0,,19.26,4.46,,,,3.0,,0.02,0.0,,0.0,0.0,Buena,"PM10, O3",2024-03-01
TLA,2024-03-01 22:00:00,0.022,10.0,,19.09,1.2,,,,3.0,,0.022,0.0,,0.0,0.0,Buena,"PM10, O3",2024-03-01
TLA,2024-03-01 23:00:00,0.02,8.0,,19.0,2.92,,,,3.0,,0.02,0.0,,0.0,0.0,Buena,"PM10, O3",2024-03-01
TLA,2024-03-02 00:00:00,0.023,18.0,,18.84,0.04,,,,5.0,,0.023,0.0,,0.0,0.0,Buena,"PM10, O3",2024-03-02
TLA,2024-03-02 01:00:00,0.012,25.0,19.3,18.61,1.08,,,,7.0,,0.012,0.0,,0.0,0.0,Buena,"PM10, O3",2024-03-02
TLA,2024-03-02 02:00:00,0.019,22.0,15.4,18.5,0.04,,,,8.0,8.0,0.019,0.0,0.0,0.0,0.0,Buena,"PM10, PM2.5, O3",2024-03-02
TLA,2024-03-02 03:00:00,0.022,14.0,12.8,18.48,0.88,,,,7.0,7.0,0.022,0.0,0.0,0.0,0.0,Buena,"PM10, PM2.5, O3",2024-03-02
TLA,2024-03-02 04:00:00,0.006,16.0,,18.31,0.04,,,,6.0,7.0,0.006,0.0,0.0,0.0,0.0,Buena,"PM10, PM2.5, O3",2024-03-02
TLA,2024-03-02 05:00:00,0.0,31.0,,18.08,0.04,,,,9.0,,0.0,0.0,,0.0,0.0,Buena,"PM10, O3",2024-03-02
TLA,2024-03-02 06:00:00,,45.0,41.2,17.75,0.04,,,,13.0,,,0.0,,,0.0,Buena,PM10,2024-03-02
TLA,2024-03-02 07:00:00,,58.0,45.4,17.63,0.04,,,,18.0,21.0,,0.0,1.0,,1.0,Aceptable,PM2.5,2024-03-02
TLA,2024-03-02 08:00:00,0.009,73.0,60.3,17.71,2.86,,,,23.0,26.0,0.009,0.0,1.0,0.0,1.0,Aceptable,PM2.5,2024-03-02
TLA,2024-03-02 09:00:00,0.023,67.0,46.9,18.29,0.04,,,,24.0,25.0,0.023,0.0,1.0,0.0,1.0,Aceptable,PM2.5,2024-03-02
TLA,2024-03-02 10:00:00,0.048,79.0,31.2,19.06,3.27,,,,27.0,20.0,0.048,0.0,1.0,0.0,1.0,Aceptable,PM2.5,2024-03-02
TLA,2024-03-02 11:00:00,0.055,101.0,41.6,19.35,2.61,,,,33.0,20.0,0.055,0.0,1.0,0.0,1.0,Aceptable,PM2.5,2024-03-02
TLA,2024-03-02 12:00:00,0.068,85.0,37.1,19.24,6.25,,,,33.0,19.0,0.068,0.0,1.0,1.0,1.0,Aceptable,"PM2.5, O3",2024-03-02
TLA,2024-03-02 13:00:00,0.067,55.0,23.9,19.11,1.01,,,,27.0,16.0,0.067,0.0,1.0,1.0,1.0,Aceptable,"PM2.5, O3",2024-03-02
TLA,2024-03-02 14:00:00,0.063,50.0,,19.27,9.04,,,,23.0,16.0,0.063,0.0,1.0,1.0,1.0,Aceptable,"PM2.5, O3",2024-03-02
TLA,2024-03-02 15:00:00,0.047,60.0,20.0,19.63,7.0,,,,23.0,12.0,0.047,0.0,0.0,0.0,0.0,Buena,"PM10, PM2.5, O3",2024-03-02
TLA,2024-03-02 16:00:00,0.048,32.0,7.3,19.67,9.15,,,,17.0,7.0,0.048,0.0,0.0,0.0,0.0,Buena,"PM10, PM2.5, O3",2024-03-02
TLA,2024-03-02 17:00:00,0.048,21.0,20.2,18.96,6.98,,,,13.0,9.0,0.048,0.0,0.0,0.0,0.0,Buena,"PM10, PM2.5, O3",2024-03-02
TLA,2024-03-02 18:00:00,0.042,9.0,5.0,19.04,,,,,8.0,6.0,0.042,0.0,0.0,0.0,0.0,Buena,"PM10, PM2.5, O3",2024-03-02
TLA,2024-03-02 19:00:00,0.032,10.0,6.3,19.16,4.56,,,,6.0,4.0,0.032,0.0,0.0,0.0,0.0,Buena,"PM10, PM2.5, O3",2024-03-02
TLA,2024-03-02 20:00:00,0.029,5.0,,19.16,2.27,,,,4.0,4.0,0.029,0.0,0.0,0.0,0.0,Buena,"PM10, PM2.5, O3",2024-03-02
TLA,2024-03-02 21:00:00,0.029,8.0,,19.15,3.16,,,,3.0,,0.029,0.0,,0.0,0.0,Buena,"PM10, O3",2024-03-02
TLA,2024-03-02 22:00:00,0.029,3.0,,19.02,2.24,,,,2.0,,0.029,0.0,,0.0,0.0,Buena,"PM10, O3",2024-03-02
TLA,2024-03-02 23:00:00,0.029,1.0,,18.88,0.83,,,,1.0,,0.029,0.0,,0.0,0.0,Buena,"PM10, O3",2024-03-02
TLA,2024-03-03 00:00:00,0.024,11.0,,18.72,0.24,,,,3.0,,0.024,0.0,,0.0,0.0,Buena,"PM10, O3",2024-03-03
TLA,2024-03-03 01:00:00,0.002,23.0,,18.67,0.04,,,,6.0,,0.002,0.0,,0.0,0.0,Buena,"PM10, O3",2024-03-03
TLA,2024-03-03 02:00:00,,39.0,35.8,18.49,0.04,,,,10.0,,,0.0,,,0.0,Buena,PM10,2024-03-03
TLA,2024-03-03 03:00:00,,51.0,37.6,18.4,0.04,,,,15.0,18.0,,0.0,1.0,,1.0,Aceptable,PM2.5,2024-03-03
TLA,2024-03-03 04:00:00,,55.0,36.3,18.09,0.5,,,,18.0,18.0,,0.0,1.0,,1.0,Aceptable,PM2.5,2024-03-03
TLA,2024-03-03 05:00:00,,47.0,36.4,17.71,0.62,,,,18.0,18.0,,0.0,1.0,,1.0,Aceptable,PM2.5,2024-03-03
TLA,2024-03-03 06:00:00,,48.0,38.5,17.57,0.04,,,,18.0,19.0,,0.0,1.0,,1.0,Aceptable,PM2.5,2024-03-03
TLA,2024-03-03 07:00:00,,58.0,35.6,17.55,0.04,,,,20.0,18.0,,0.0,1.0,,1.0,Aceptable,PM2.5,2024-03-03
TLA,2024-03-03 08:00:00,0.012,63.0,50.7,17.61,2.24,,,,22.0,21.0,0.012,0.0,1.0,0.0,1.0,Aceptable,PM2.5,2024-03-03
TLA,2024-03-03 09:00:00,0.03,56.0,32.1,18.3,2.09,,,,22.0,19.0,0.03,0.0,1.0,0.0,1.0,Aceptable,PM2.5,2024-03-03
TLA,2024-03-03 10:00:00,0.046,68.0,38.6,18.91,0.82,,,,24.0,19.0,0.046,0.0,1.0,0.0,1.0,Aceptable,PM2.5,2024-03-03
TLA,2024-03-03 11:00:00,0.057,84.0,13.7,19.24,4.96,,,,28.0,13.0,0.057,0.0,0.0,0.0,0.0,Buena,"PM10, PM2.5, O3",2024-03-03
TLA,2024-03-03 12:00:00,0.055,65.0,15.5,19.29,8.53,,,,26.0,10.0,0.055,0.0,0.0,0.0,0.0,Buena,"PM10, PM2.5, O3",2024-03-03
TLA,2024-03-03 13:00:00,0.051,34.0,14.7,19.03,4.8,,,,20.0,9.0,0.051,0.0,0.0,0.0,0.0,Buena,"PM10, PM2.5, O3",2024-03-03
TLA,2024-03-03 14:00:00,0.049,30.0,28.8,18.87,6.97,,,,15.0,12.0,0.049,0.0,0.0,0.0,0.0,Buena,"PM10, PM2.5, O3",2024-03-03
TLA,2024-03-03 15:00:00,0.045,36.0,31.9,19.26,,,,,15.0,14.0,0.045,0.0,0.0,0.0,0.0,Buena,"PM10, PM2.5, O3",2024-03-03
TLA,2024-03-03 16:00:00,0.046,39.0,22.8,19.52,,,,,15.0,13.0,0.046,0.0,0.0,0.0,0.0,Buena,"PM10, PM2.5, O3",2024-03-03
TLA,2024-03-03 17:00:00,0.043,44.0,27.4,19.73,6.77,,,,16.0,13.0,0.043,0.0,0.0,0.0,0.0,Buena,"PM10, PM2.5, O3",2024-03-03
TLA,2024-03-03 18:00:00,0.035,28.0,11.2,19.07,,,,,13.0,9.0,0.035,0.0,0.0,0.0,0.0,Buena,"PM10, PM2.5, O3",2024-03-03
TLA,2024-03-03 19:00:00,0.031,8.0,,19.21,7.35,,,,8.0,9.0,0.031,0.0,0.0,0.0,0.0,Buena,"PM10, PM2.5, O3",2024-03-03
TLA,2024-03-03 20:00:00,0.032,,17.6,19.17,6.38,,,,8.0,9.0,0.032,0.0,0.0,0.0,0.0,Buena,"PM10, PM2.5, O3",2024-03-03
TLA,2024-03-03 21:00:00,0.026,,23.4,19.03,2.77,,,,,11.0,0.026,,0.0,0.0,0.0,Buena,"PM2.5, O3",2024-03-03
TLA,2024-03-03 22:00:00,0.021,,16.3,18.88,5.17,,,,,9.0,0.021,,0.0,0.0,0.0,Buena,"PM2.5, O3",2024-03-03
TLA,2024-03-03 23:00:00,0.017,8.0,,18.74,0.05,,,,,9.0,0.017,,0.0,0.0,0.0,Buena,"PM2.5, O3",2024-03-03
TLA,2024-03-04 00:00:00,0.017,13.0,12.6,18.56,0.99,,,,4.0,7.0,0.017,0.0,0.0,0.0,0.0,Buena,"PM10, PM2.5, O3",2024-03-04
TLA,2024-03-04 01:00:00,0.019,4.0,,18.41,0.34,,,,3.0,,0.019,0.0,,0.0,0.0,Buena,"PM10, O3",2024-03-04
TLA,2024-03-04 02:00:00,0.017,7.0,,18.17,1.12,,,,3.0,,0.017,0.0,,0.0,0.0,Buena,"PM10, O3",2024-03-04
TLA,2024-03-04 03:00:00,0.018,4.0,,17.76,0.37,,,,2.0,,0.018,0.0,,0.0,0.0,Buena,"PM10, O3",2024-03-04
TLA,2024-03-04 04:00:00,0.016,6.0,,17.62,0.04,,,,2.0,,0.016,0.0,,0.0,0.0,Buena,"PM10, O3",2024-03-04
TLA,2024-03-04 05:00:00,0.009,11.0,,17.58,0.04,,,,3.0,,0.009,0.0,,0.0,0.0,Buena,"PM10, O3",2024-03-04
TLA,2024-03-04 06:00:00,0.001,7.0,,17.5,0.04,,,,3.0,,0.001,0.0,,0.0,0.0,Buena,"PM10, O3",2024-03-04
TLA,2024-03-04 07:00:00,0.001,29.0,,17.52,0.04,,,,7.0,,0.001,0.0,,0.0,0.0,Buena,"PM10, O3",2024-03-04
TLA,2024-03-04 08:00:00,0.008,58.0,29.7,17.61,1.12,,,,15.0,,0.008,0.0,,0.0,0.0,Buena,"PM10, O3",2024-03-04
TLA,2024-03-04 09:00:00,0.024,64.0,36.2,18.07,0.82,,,,19.0,17.0,0.024,0.0,1.0,0.0,1.0,Aceptable,PM2.5,2024-03-04
TLA,2024-03-04 10:00:00,0.037,92.0,53.4,18.92,0.72,,,,27.0,23.0,0.037,0.0,1.0,0.0,1.0,Aceptable,PM2.5,2024-03-04
TLA,2024-03-04 11:00:00,0.053,110.0,45.2,19.38,8.4,,,,35.0,23.0,0.053,0.0,1.0,0.0,1.0,Aceptable,PM2.5,2024-03-04
TLA,2024-03-04 12:00:00,0.059,82.0,39.1,19.38,4.91,,,,33.0,21.0,0.059,0.0,1.0,1.0,1.0,Aceptable,"PM2.5, O3",2024-03-04
TLA,2024-03-04 13:00:00,0.054,57.0,22.5,19.26,,,,,27.0,16.0,0.054,0.0,1.0,0.0,1.0,Aceptable,PM2.5,2024-03-04
TLA,2024-03-04 14:00:00,0.043,40.0,27.9,18.81,8.42,,,,21.0,15.0,0.043,0.0,0.0,0.0,0.0,Buena,"PM10, PM2.5, O3",2024-03-04
TLA,2024-03-04 15:00:00,0.044,40.0,28.9,18.83,,,,,18.0,15.0,0.044,0.0,0.0,0.0,0.0,Buena,"PM10, PM2.5, O3",2024-03-04
TLA,2024-03-04 16:00:00,0.043,25.0,6.6,18.8,,,,,14.0,9.0,0.043,0.0,0.0,0.0,0.0,Buena,"PM10, PM2.5, O3",2024-03-04
TLA,2024-03-04 17:00:00,0.039,34.0,18.3,18.71,6.64,,,,13.0,9.0,0.039,0.0,0.0,0.0,0.0,Buena,"PM10, PM2.5, O3",2024-03-04
TLA,2024-03-04 18:00:00,0.027,34.0,1.0,19.16,,,,,13.0,5.0,0.027,0.0,0.0,0.0,0.0,Buena,"PM10, PM2.5, O3",2024-03-04
TLA,2024-03-04 19:00:00,0.027,26.0,25.1,19.44,8.3,,,,12.0,9.0,0.027,0.0,0.0,0.0,0.0,Buena,"PM10, PM2.5, O3",2024-03-04
TLA,2024-03-04 20:00:00,0.033,9.0,,19.34,5.33,,,,7.0,9.0,0.033,0.0,0.0,0.0,0.0,Buena,"PM10, PM2.5, O3",2024-03-04
TLA,2024-03-04 21:00:00,0.025,2.0,,19.23,6.24,,,,4.0,,0.025,0.0,,0.0,0.0,Buena,"PM10, O3",2024-03-04
TLA,2024-03-04 22:00:00,0.018,,21.0,19.06,1.26,,,,4.0,,0.018,0.0,,0.0,0.0,Buena,"PM10, O3",2024-03-04
TLA,2024-03-04 23:00:00,0.015,6.0,,18.91,0.04,,,,3.0,,0.015,0.0,,0.0,0.0,Buena,"PM10, O3",2024-03-04
TLA,2024-03-05 00:00:00,0.015,2.0,,18.68,0.04,,,,2.0,,0.015,0.0,,0.0,0.0,Buena,"PM10, O3",2024-03-05
TLA,2024-03-05 01:00:00,0.013,6.0,,18.46,0.04,,,,2.0,,0.013,0.0,,0.0,0.0,Buena,"PM10, O3",2024-03-05
TLA,2024-03-05 02:00:00,0.015,0.0,,18.1,0.04,,,,1.0,,0.015,0.0,,0.0,0.0,Buena,"PM10, O3",2024-03-05
TLA,2024-03-05 03:00:00,0.002,4.0,,17.67,1.07,,,,1.0,,0.002,0.0,,0.0,0.0,Buena,"PM10, O3",2024-03-05
TLA,2024-03-05 04:00:00,,30.0,,17.42,1.09,,,,6.0,,,0.0,,,0.0,Buena,PM10,2024-03-05
TLA,2024-03-05 05:00:00,,36.0,,17.36,0.7,,,,10.0,,,0.0,,,0.0,Buena,PM10,2024-03-05
TLA,2024-03-05 06:00:00,,49.0,42.9,17.36,0.04,,,,14.0,,,0.0,,,0.0,Buena,PM10,2024-03-05
TLA,2024-03-05 07:00:00,,68.0,62.1,17.31,0.32,,,,20.0,28.0,,0.0,1.0,,1.0,Aceptable,PM2.5,2024-03-05
TLA,2024-03-05 08:00:00,0.002,113.0,93.7,17.34,0.6,,,,32.0,39.0,0.002,0.0,2.0,0.0,2.0,Mala,PM2.5,2024-03-05
TLA,2024-03-05 09:00:00,0.011,122.0,92.8,17.79,2.24,,,,39.0,43.0,0.011,0.0,2.0,0.0,2.0,Mala,PM2.5,2024-03-05
TLA,2024-03-05 10:00:00,0.031,142.0,69.6,18.98,3.15,,,,46.0,39.0,0.031,1.0,2.0,0.0,2.0,Mala,PM2.5,2024-03-05
TLA,2024-03-05 11:00:00,0.051,148.0,70.0,19.68,2.25,,,,51.0,37.0,0.051,1.0,2.0,0.0,2.0,Mala,PM2.5,2024-03-05
TLA,2024-03-05 12:00:00,0.077,123.0,50.1,19.56,3.32,,,,49.0,31.0,0.077,1.0,1.0,1.0,1.0,Aceptable,"PM10, PM2.5, O3",2024-03-05
TLA,2024-03-05 13:00:00,0.07,93.0,15.1,19.32,2.74,,,,42.0,19.0,0.07,0.0,1.0,1.0,1.0,Aceptable,"PM2.5, O3",2024-03-05
TLA,2024-03-05 14:00:00,0.066,44.0,23.2,18.92,,,,,29.0,15.0,0.066,0.0,0.0,1.0,1.0,Aceptable,O3,2024-03-05
TLA,2024-03-05 15:00:00,0.06,44.0,32.3,18.99,9.44,,,,23.0,16.0,0.06,0.0,1.0,1.0,1.0,Aceptable,"PM2.5, O3",2024-03-05
TLA,2024-03-05 16:00:00,0.063,31.0,24.2,19.01,,,,,17.0,14.0,0.063,0.0,0.0,1.0,1.0,Aceptable,O3,2024-03-05
TLA,2024-03-05 17:00:00,0.051,36.0,19.4,18.89,3.19,,,,16.0,12.0,0.051,0.0,0.0,0.0,0.0,Buena,"PM10, PM2.5, O3",2024-03-05
TLA,2024-03-05 18:00:00,0.038,32.0,4.1,19.22,3.03,,,,14.0,7.0,0.038,0.0,0.0,0.0,0.0,Buena,"PM10, PM2.5, O3",2024-03-05
TLA,2024-03-05 19:00:00,0.019,3.0,,19.45,2.11,,,,7.0,7.0,0.019,0.0,0.0,0.0,0.0,Buena,"PM10, PM2.5, O3",2024-03-05
TLA,2024-03-05 20:00:00,0.008,,20.1,19.35,6.48,,,,7.0,9.0,0.008,0.0,0.0,0.0,0.0,Buena,"PM10, PM2.5, O3",2024-03-05
TLA,2024-03-05 21:00:00,0.012,1.0,,19.35,6.73,,,,3.0,,0.012,0.0,,0.0,0.0,Buena,"PM10, O3",2024-03-05
TLA,2024-03-05 22:00:00,0.011,6.0,,19.17,3.05,,,,2.0,,0.011,0.0,,0.0,0.0,Buena,"PM10, O3",2024-03-05
TLA,2024-03-05 23:00:00,0.033,4.0,,18.99,4.44,,,,2.0,,0.033,0.0,,0.0,0.0,Buena,"PM10, O3",2024-03-05
TLA,2024-03-06 00:00:00,0.028,,12.8,18.82,1.2,,,,2.0,,0.028,0.0,,0.0,0.0,Buena,"PM10, O3",2024-03-06
TLA,2024-03-06 01:00:00,0.023,3.0,,18.67,0.04,,,,1.0,,0.023,0.0,,0.0,0.0,Buena,"PM10, O3",2024-03-06
TLA,2024-03-06 02:00:00,0.003,17.0,,18.42,0.04,,,,4.0,,0.003,0.0,,0.0,0.0,Buena,"PM10, O3",2024-03-06
TLA,2024-03-06 03:00:00,0.002,19.0,,17.92,0.04,,,,6.0,,0.002,0.0,,0.0,0.0,Buena,"PM10, O3",2024-03-06
TLA,2024-03-06 04:00:00,0.001,21.0,,17.57,0.04,,,,7.0,,0.001,0.0,,0.0,0.0,Buena,"PM10, O3",2024-03-06
TLA,2024-03-06 05:00:00,0.0,25.0,,17.42,0.04,,,,8.0,,0.0,0.0,,0.0,0.0,Buena,"PM10, O3",2024-03-06
TLA,2024-03-06 06:00:00,0.001,35.0,,17.34,1.11,,,,11.0,,0.001,0.0,,0.0,0.0,Buena,"PM10, O3",2024-03-06
TLA,2024-03-06 07:00:00,0.001,74.0,61.0,17.33,0.04,,,,19.0,,0.001,0.0,,0.0,0.0,Buena,"PM10, O3",2024-03-06
TLA,2024-03-06 08:00:00,0.003,125.0,89.9,17.38,1.08,,,,34.0,40.0,0.003,0.0,2.0,0.0,2.0,Mala,PM2.5,2024-03-06
TLA,2024-03-06 09:00:00,0.015,138.0,98.4,18.07,0.98,,,,43.0,45.0,0.015,0.0,2.0,0.0,2.0,Mala,PM2.5,2024-03-06
TLA,2024-03-06 10:00:00,0.035,137.0,67.2,19.17,4.79,,,,48.0,39.0,0.035,1.0,2.0,0.0,2.0,Mala,PM2.5,2024-03-06
TLA,2024-03-06 11:00:00,0.045,134.0,44.8,19.61,6.46,,,,49.0,30.0,0.045,1.0,1.0,0.0,1.0,Aceptable,"PM10, PM2.5",2024-03-06
TLA,2024-03-06 12:00:00,0.057,97.0,24.3,19.41,4.33,,,,43.0,21.0,0.057,0.0,1.0,0.0,1.0,Aceptable,PM2.5,2024-03-06
TLA,2024-03-06 13:00:00,0.065,42.0,23.6,19.07,2.49,,,,30.0,16.0,0.065,0.0,1.0,1.0,1.0,Aceptable,"PM2.5, O3",2024-03-06
TLA,2024-03-06 14:00:00,0.069,47.0,20.3,19.2,4.72,,,,24.0,13.0,0.069,0.0,0.0,1.0,1.0,Aceptable,O3,2024-03-06
TLA,2024-03-06 15:00:00,0.063,50.0,17.2,19.6,,,,,21.0,11.0,0.063,0.0,0.0,1.0,1.0,Aceptable,O3,2024-03-06
TLA,2024-03-06 16:00:00,0.061,41.0,13.8,19.82,8.43,,,,18.0,9.0,0.061,0.0,0.0,1.0,1.0,Aceptable,O3,2024-03-06
TLA,2024-03-06 17:00:00,0.058,27.0,16.0,19.33,6.96,,,,14.0,8.0,0.058,0.0,0.0,0.0,0.0,Buena,"PM10, PM2.5, O3",2024-03-06
TLA,2024-03-06 18:00:00,0.044,19.0,11.5,19.05,4.65,,,,11.0,7.0,0.044,0.0,0.0,0.0,0.0,Buena,"PM10, PM2.5, O3",2024-03-06
TLA,2024-03-06 19:00:00,0.033,10.0,,19.41,4.93,,,,7.0,7.0,0.033,0.0,0.0,0.0,0.0,Buena,"PM10, PM2.5, O3",2024-03-06
TLA,2024-03-06 20:00:00,0.033,2.0,,19.5,4.31,,,,4.0,,0.033,0.0,,0.0,0.0,Buena,"PM10, O3",2024-03-06
TLA,2024-03-06 21:00:00,0.027,,16.7,19.4,2.92,,,,4.0,,0.027,0.0,,0.0,0.0,Buena,"PM10, O3",2024-03-06
TLA,2024-03-06 22:00:00,0.029,2.0,,19.2,1.2,,,,2.0,,0.029,0.0,,0.0,0.0,Buena,"PM10, O3",2024-03-06
TLA,2024-03-06 23:00:00,0.018,4.0,,19.08,0.76,,,,2.0,,0.018,0.0,,0.0,0.0,Buena,"PM10, O3",2024-03-06
TLA,2024-03-07 00:00:00,0.027,10.0,6.6,18.84,0.04,,,,3.0,,0.027,0.0,,0.0,0.0,Buena,"PM10, O3",2024-03-07
TLA,2024-03-07 01:00:00,0.009,5.0,,18.66,0.34,,,,2.0,,0.009,0.0,,0.0,0.0,Buena,"PM10, O3",2024-03-07
TLA,2024-03-07 02:00:00,0.0,12.0,,18.53,,,,,3.0,,0.0,0.0,,0.0,0.0,Buena,"PM10, O3",2024-03-07
TLA,2024-03-07 03:00:00,,22.0,,18.14,,,,,6.0,,,0.0,,,0.0,Buena,PM10,2024-03-07
TLA,2024-03-07 04:00:00,,15.0,,17.58,,,,,6.0,,,0.0,,,0.0,Buena,PM10,2024-03-07
TLA,2024-03-07 05:00:00,,4.0,,17.37,,,,,4.0,,,0.0,,,0.0,Buena,PM10,2024-03-07
TLA,2024-03-07 06:00:00,,18.0,,17.3,,,,,5.0,,,0.0,,,0.0,Buena,PM10,2024-03-07
TLA,2024-03-07 07:00:00,,84.0,73.7,17.31,,,,,19.0,,,0.0,,,0.0,Buena,PM10,2024-03-07
TLA,2024-03-07 08:00:00,0.005,78.0,,17.3,,,,,24.0,,0.005,0.0,,0.0,0.0,Buena,"PM10, O3",2024-03-07
TLA,2024-03-07 09:00:00,0.017,68.0,,18.1,0.72,,,,25.0,,0.017,0.0,,0.0,0.0,Buena,"PM10, O3",2024-03-07
TLA,2024-03-07 10:00:00,0.03,125.0,56.9,19.25,2.62,,,,36.0,,0.03,0.0,,0.0,0.0,Buena,"PM10, O3",2024-03-07
TLA,2024-03-07 11:00:00,0.045,164.0,43.3,20.69,5.35,,,,49.0,24.0,0.045,1.0,1.0,0.0,1.0,Aceptable,"PM10, PM2.5",2024-03-07
TLA,2024-03-07 12:00:00,0.019,,,23.37,,,,,49.0,25.0,0.019,1.0,1.0,0.0,1.0,Aceptable,"PM10, PM2.5",2024-03-07
TLA,2024-03-07 13:00:00,0.014,,,19.88,5.32,,,,,,0.014,,,0.0,0.0,Buena,O3,2024-03-07
TLA,2024-03-07 14:00:00,0.016,,,19.49,6.46,,,,,,0.016,,,0.0,0.0,Buena,O3,2024-03-07
TLA,2024-03-07 15:00:00,0.018,29.0,19.7,19.23,8.78,,,,,,0.018,,,0.0,0.0,Buena,O3,2024-03-07
TLA,2024-03-07 16:00:00,0.018,23.0,15.4,19.31,3.12,,,,11.0,9.0,0.018,0.0,0.0,0.0,0.0,Buena,"PM10, PM2.5, O3",2024-03-07
TLA,2024-03-07 17:00:00,0.015,27.0,10.2,19.32,5.32,,,,11.0,7.0,0.015,0.0,0.0,0.0,0.0,Buena,"PM10, PM2.5, O3",2024-03-07
TLA,2024-03-07 18:00:00,0.011,32.0,,19.6,,,,,11.0,7.0,0.011,0.0,0.0,0.0,0.0,Buena,"PM10, PM2.5, O3",2024-03-07
TLA,2024-03-07 19:00:00,0.01,27.0,17.2,19.75,5.32,,,,11.0,8.0,0.01,0.0,0.0,0.0,0.0,Buena,"PM10, PM2.5, O3",2024-03-07
TLA,2024-03-07 20:00:00,0.01,,15.0,19.62,9.4,,,,11.0,8.0,0.01,0.0,0.0,0.0,0.0,Buena,"PM10, PM2.5, O3",2024-03-07
TLA,2024-03-07 21:00:00,0.008,0.0,,19.42,4.54,,,,4.0,8.0,0.008,0.0,0.0,0.0,0.0,Buena,"PM10, PM2.5, O3",2024-03-07
TLA,2024-03-07 22:00:00,0.006,,15.7,19.21,3.16,,,,,8.0,0.006,,0.0,0.0,0.0,Buena,"PM2.5, O3",2024-03-07
TLA,2024-03-07 23:00:00,0.003,,14.1,18.98,3.0,,,,,7.0,0.003,,0.0,0.0,0.0,Buena,"PM2.5, O3",2024-03-07
TLA,2024-03-08 00:00:00,0.004,0.0,,18.76,0.58,,,,,7.0,0.004,,0.0,0.0,0.0,Buena,"PM2.5, O3",2024-03-08
TLA,2024-03-08 01:00:00,0.004,,10.3,18.34,0.99,,,,,6.0,0.004,,0.0,0.0,0.0,Buena,"PM2.5, O3",2024-03-08
TLA,2024-03-08 02:00:00,0.008,,12.7,17.73,0.3,,,,,6.0,0.008,,0.0,0.0,0.0,Buena,"PM2.5, O3",2024-03-08
TLA,2024-03-08 03:00:00,0.002,,21.7,17.46,0.81,,,,,9.0,0.002,,0.0,0.0,0.0,Buena,"PM2.5, O3",2024-03-08
TLA,2024-03-08 04:00:00,,10.0,,17.38,,,,,,9.0,,,0.0,,0.0,Buena,PM2.5,2024-03-08
TLA,2024-03-08 05:00:00,,20.0,,17.32,,,,,6.0,,,0.0,,,0.0,Buena,PM10,2024-03-08
TLA,2024-03-08 06:00:00,,45.0,,17.27,,,,,12.0,,,0.0,,,0.0,Buena,PM10,2024-03-08
TLA,2024-03-08 07:00:00,,87.0,74.4,17.27,,,,,23.0,,,0.0,,,0.0,Buena,PM10,2024-03-08
TLA,2024-03-08 08:00:00,,81.0,73.4,17.3,2.4,,,,27.0,36.0,,0.0,2.0,,2.0,Mala,PM2.5,2024-03-08
TLA,2024-03-08 09:00:00,,81.0,69.3,17.55,4.17,,,,29.0,35.0,,0.0,2.0,,2.0,Mala,PM2.5,2024-03-08
TLA,2024-03-08 10:00:00,,119.0,42.3,18.77,0.04,,,,37.0,28.0,,0.0,1.0,,1.0,Aceptable,PM2.5,2024-03-08
TLA,2024-03-08 11:00:00,0.004,121.0,33.8,19.63,4.59,,,,42.0,22.0,0.004,0.0,1.0,0.0,1.0,Aceptable,PM2.5,2024-03-08
TLA,2024-03-08 12:00:00,0.011,95.0,38.3,19.68,4.3,,,,39.0,21.0,0.011,0.0,1.0,0.0,1.0,Aceptable,PM2.5,2024-03-08
TLA,2024-03-08 13:00:00,0.019,76.0,30.8,19.48,8.39,,,,34.0,18.0,0.019,0.0,1.0,0.0,1.0,Aceptable,PM2.5,2024-03-08
TLA,2024-03-08 14:00:00,0.016,72.0,29.7,19.25,9.45,,,,31.0,16.0,0.016,0.0,1.0,0.0,1.0,Aceptable,PM2.5,2024-03-08
TLA,2024-03-08 15:00:00,0.017,49.0,25.2,19.02,8.75,,,,25.0,15.0,0.017,0.0,0.0,0.0,0.0,Buena,"PM10, PM2.5, O3",2024-03-08
TLA,2024-03-08 16:00:00,0.012,37.0,31.9,19.19,4.96,,,,19.0,15.0,0.012,0.0,0.0,0.0,0.0,Buena,"PM10, PM2.5, O3",2024-03-08
TLA,2024-03-08 17:00:00,0.013,31.0,12.4,19.13,4.3,,,,16.0,11.0,0.013,0.0,0.0,0.0,0.0,Buena,"PM10, PM2.5, O3",2024-03-08
TLA,2024-03-08 18:00:00,0.011,48.0,17.1,19.56,2.15,,,,17.0,10.0,0.011,0.0,0.0,0.0,0.0,Buena,"PM10, PM2.5, O3",2024-03-08
TLA,2024-03-08 19:00:00,0.009,24.0,14.6,19.54,8.51,,,,13.0,8.0,0.009,0.0,0.0,0.0,0.0,Buena,"PM10, PM2.5, O3",2024-03-08
TLA,2024-03-08 20:00:00,0.008,,18.2,19.39,5.06,,,,13.0,9.0,0.008,0.0,0.0,0.0,0.0,Buena,"PM10, PM2.5, O3",2024-03-08
TLA,2024-03-08 21:00:00,0.002,,19.2,19.17,2.4,,,,,9.0,0.002,,0.0,0.0,0.0,Buena,"PM2.5, O3",2024-03-08
TLA,2024-03-08 22:00:00,0.0,2.0,,18.94,1.07,,,,,9.0,0.0,,0.0,0.0,0.0,Buena,"PM2.5, O3",2024-03-08
TLA,2024-03-08 23:00:00,0.003,10.0,,18.76,0.96,,,,4.0,,0.003,0.0,,0.0,0.0,Buena,"PM10, O3",2024-03-08
TLA,2024-03-09 00:00:00,0.005,9.0,,18.54,1.0,,,,3.0,,0.005,0.0,,0.0,0.0,Buena,"PM10, O3",2024-03-09
TLA,2024-03-09 01:00:00,0.008,5.0,,18.26,4.2,,,,3.0,,0.008,0.0,,0.0,0.0,Buena,"PM10, O3",2024-03-09
TLA,2024-03-09 02:00:00,0.004,3.0,,18.03,0.62,,,,2.0,,0.004,0.0,,0.0,0.0,Buena,"PM10, O3",2024-03-09
TLA,2024-03-09 03:00:00,0.005,4.0,,17.69,0.04,,,,2.0,,0.005,0.0,,0.0,0.0,Buena,"PM10, O3",2024-03-09
TLA,2024-03-09 04:00:00,,19.0,,17.49,0.04,,,,4.0,,,0.0,,,0.0,Buena,PM10,2024-03-09
TLA,2024-03-09 05:00:00,0.0,34.0,,17.37,0.04,,,,9.0,,0.0,0.0,,0.0,0.0,Buena,"PM10, O3",2024-03-09
TLA,2024-03-09 06:00:00,,31.0,,17.3,1.09,,,,10.0,,,0.0,,,0.0,Buena,PM10,2024-03-09
TLA,2024-03-09 07:00:00,,61.0,60.4,17.31,0.04,,,,17.0,,,0.0,,,0.0,Buena,PM10,2024-03-09
TLA,2024-03-09 08:00:00,,69.0,,17.28,0.99,,,,21.0,,,0.0,,,0.0,Buena,PM10,2024-03-09
TLA,2024-03-09 09:00:00,0.002,47.0,,17.75,2.48,,,,20.0,,0.002,0.0,,0.0,0.0,Buena,"PM10, O3",2024-03-09
TLA,2024-03-09 10:00:00,0.001,138.0,,18.98,2.64,,,,36.0,,0.001,0.0,,0.0,0.0,Buena,"PM10, O3",2024-03-09
TLA,2024-03-09 11:00:00,0.006,193.0,111.9,19.68,5.08,,,,55.0,,0.006,1.0,,0.0,1.0,Aceptable,PM10,2024-03-09
TLA,2024-03-09 12:00:00,0.017,120.0,37.6,19.42,,,,,50.0,31.0,0.017,1.0,1.0,0.0,1.0,Aceptable,"PM10, PM2.5",2024-03-09
TLA,2024-03-09 13:00:00,0.019,73.0,29.0,19.03,,,,,39.0,22.0,0.019,0.0,1.0,0.0,1.0,Aceptable,PM2.5,2024-03-09
TLA,2024-03-09 14:00:00,0.022,47.0,40.3,19.25,2.99,,,,28.0,21.0,0.022,0.0,1.0,0.0,1.0,Aceptable,PM2.5,2024-03-09
TLA,2024-03-09 15:00:00,0.018,40.0,16.0,19.27,3.0,,,,22.0,14.0,0.018,0.0,0.0,0.0,0.0,Buena,"PM10, PM2.5, O3",2024-03-09
TLA,2024-03-09 16:00:00,0.017,43.0,19.6,19.49,6.49,,,,19.0,12.0,0.017,0.0,0.0,0.0,0.0,Buena,"PM10, PM2.5, O3",2024-03-09
TLA,2024-03-09 17:00:00,0.017,35.0,16.0,19.1,5.24,,,,16.0,10.0,0.017,0.0,0.0,0.0,0.0,Buena,"PM10, PM2.5, O3",2024-03-09
TLA,2024-03-09 18:00:00,0.017,23.0,14.6,19.34,6.64,,,,12.0,9.0,0.017,0.0,0.0,0.0,0.0,Buena,"PM10, PM2.5, O3",2024-03-09
TLA,2024-03-09 19:00:00,0.016,9.0,,19.5,8.52,,,,8.0,9.0,0.016,0.0,0.0,0.0,0.0,Buena,"PM10, PM2.5, O3",2024-03-09
TLA,2024-03-09 20:00:00,0.016,,24.2,19.43,4.43,,,,8.0,11.0,0.016,0.0,0.0,0.0,0.0,Buena,"PM10, PM2.5, O3",2024-03-09
TLA,2024-03-09 21:00:00,0.008,,25.2,19.26,4.19,,,,,12.0,0.008,,0.0,0.0,0.0,Buena,"PM2.5, O3",2024-03-09
TLA,2024-03-09 22:00:00,0.005,1.0,,19.04,1.09,,,,,12.0,0.005,,0.0,0.0,0.0,Buena,"PM2.5, O3",2024-03-09
TLA,2024-03-09 23:00:00,0.015,3.0,,18.85,0.04,,,,1.0,,0.015,0.0,,0.0,0.0,Buena,"PM10, O3",2024-03-09
TLA,2024-03-10 00:00:00,0.015,,9.9,18.65,0.04,,,,1.0,,0.015,0.0,,0.0,0.0,Buena,"PM10, O3",2024-03-10
TLA,2024-03-10 01:00:00,0.004,4.0,,18.51,1.08,,,,1.0,,0.004,0.0,,0.0,0.0,Buena,"PM10, O3",2024-03-10
TLA,2024-03-10 02:00:00,,18.0,,18.32,0.04,,,,5.0,,,0.0,,,0.0,Buena,PM10,2024-03-10
TLA,2024-03-10 03:00:00,,24.0,,17.83,0.04,,,,7.0,,,0.0,,,0.0,Buena,PM10,2024-03-10
TLA,2024-03-10 04:00:00,,14.0,,17.47,0.04,,,,6.0,,,0.0,,,0.0,Buena,PM10,2024-03-10
TLA,2024-03-10 05:00:00,,39.0,,17.39,1.07,,,,11.0,,,0.0,,,0.0,Buena,PM10,2024-03-10
TLA,2024-03-10 06:00:00,,64.0,46.3,17.3,0.04,,,,18.0,,,0.0,,,0.0,Buena,PM10,2024-03-10
TLA,2024-03-10 07:00:00,,68.0,56.4,17.26,0.96,,,,22.0,26.0,,0.0,1.0,,1.0,Aceptable,PM2.5,2024-03-10
TLA,2024-03-10 08:00:00,,69.0,68.6,17.3,0.04,,,,24.0,31.0,,0.0,1.0,,1.0,Aceptable,PM2.5,2024-03-10
TLA,2024-03-10 09:00:00,0.002,57.0,55.9,17.86,2.09,,,,23.0,29.0,0.002,0.0,1.0,0.0,1.0,Aceptable,PM2.5,2024-03-10
TLA,2024-03-10 10:00:00,0.009,106.0,25.3,19.12,1.2,,,,32.0,21.0,0.009,0.0,1.0,0.0,1.0,Aceptable,PM2.5,2024-03-10
TLA,2024-03-10 11:00:00,0.019,118.0,41.4,19.68,2.88,,,,38.0,21.0,0.019,0.0,1.0,0.0,1.0,Aceptable,PM2.5,2024-03-10
TLA,2024-03-10 12:00:00,0.029,73.0,22.1,19.46,4.81,,,,33.0,16.0,0.029,0.0,1.0,0.0,1.0,Aceptable,PM2.5,2024-03-10
TLA,2024-03-10 13:00:00,0.05,48.0,15.2,19.12,3.32,,,,26.0,12.0,0.05,0.0,0.0,0.0,0.0,Buena,"PM10, PM2.5, O3",2024-03-10
TLA,2024-03-10 14:00:00,0.038,43.0,14.1,18.87,7.16,,,,21.0,9.0,0.038,0.0,0.0,0.0,0.0,Buena,"PM10, PM2.5, O3",2024-03-10
TLA,2024-03-10 15:00:00,0.02,31.0,5.3,19.34,4.19,,,,16.0,6.0,0.02,0.0,0.0,0.0,0.0,Buena,"PM10, PM2.5, O3",2024-03-10
TLA,2024-03-10 16:00:00,0.022,33.0,12.5,19.41,7.16,,,,14.0,6.0,0.022,0.0,0.0,0.0,0.0,Buena,"PM10, PM2.5, O3",2024-03-10
TLA,2024-03-10 17:00:00,0.017,22.0,18.4,18.96,9.2,,,,11.0,8.0,0.017,0.0,0.0,0.0,0.0,Buena,"PM10, PM2.5, O3",2024-03-10
TLA,2024-03-10 18:00:00,0.019,23.0,18.0,19.34,4.53,,,,10.0,8.0,0.019,0.0,0.0,0.0,0.0,Buena,"PM10, PM2.5, O3",2024-03-10
TLA,2024-03-10 19:00:00,0.017,15.0,12.1,19.56,2.48,,,,8.0,7.0,0.017,0.0,0.0,0.0,0.0,Buena,"PM10, PM2.5, O3",2024-03-10
TLA,2024-03-10 20:00:00,0.012,1.0,,19.38,2.12,,,,4.0,7.0,0.012,0.0,0.0,0.0,0.0,Buena,"PM10, PM2.5, O3",2024-03-10
TLA,2024-03-10 21:00:00,0.012,,20.0,19.16,1.13,,,,4.0,9.0,0.012,0.0,0.0,0.0,0.0,Buena,"PM10, PM2.5, O3",2024-03-10
TLA,2024-03-10 22:00:00,0.021,,23.5,18.99,0.04,,,,,11.0,0.021,,0.0,0.0,0.0,Buena,"PM2.5, O3",2024-03-10
TLA,2024-03-10 23:00:00,0.008,9.0,,18.86,0.04,,,,,11.0,0.008,,0.0,0.0,0.0,Buena,"PM2.5, O3",2024-03-10
TLA,2024-03-11 00:00:00,0.006,22.0,,18.73,0.75,,,,7.0,,0.006,0.0,,0.0,0.0,Buena,"PM10, O3",2024-03-11
TLA,2024-03-11 01:00:00,0.008,16.0,,18.55,,,,,6.0,,0.008,0.0,,0.0,0.0,Buena,"PM10, O3",2024-03-11
TLA,2024-03-11 02:00:00,0.017,18.0,,18.3,,,,,7.0,,0.017,0.0,,0.0,0.0,Buena,"PM10, O3",2024-03-11
TLA,2024-03-11 03:00:00,0.006,16.0,,17.88,,,,,6.0,,0.006,0.0,,0.0,0.0,Buena,"PM10, O3",2024-03-11
TLA,2024-03-11 04:00:00,0.0,28.0,,17.43,,,,,9.0,,0.0,0.0,,0.0,0.0,Buena,"PM10, O3",2024-03-11
TLA,2024-03-11 05:00:00,,36.0,,17.34,,,,,11.0,,,0.0,,,0.0,Buena,PM10,2024-03-11
TLA,2024-03-11 06:00:00,0.0,46.0,,17.27,,,,,14.0,,0.0,0.0,,0.0,0.0,Buena,"PM10, O3",2024-03-11
TLA,2024-03-11 07:00:00,,75.0,73.9,17.27,1.08,,,,21.0,,,0.0,,,0.0,Buena,PM10,2024-03-11
TLA,2024-03-11 08:00:00,,91.0,85.5,17.35,0.04,,,,28.0,41.0,,0.0,2.0,,2.0,Mala,PM2.5,2024-03-11
TLA,2024-03-11 09:00:00,0.001,98.0,73.7,18.0,4.8,,,,33.0,39.0,0.001,0.0,2.0,0.0,2.0,Mala,PM2.5,2024-03-11
TLA,2024-03-11 10:00:00,0.001,124.0,68.1,19.11,2.91,,,,40.0,37.0,0.001,0.0,2.0,0.0,2.0,Mala,PM2.5,2024-03-11
TLA,2024-03-11 11:00:00,0.004,130.0,35.1,19.64,4.84,,,,45.0,27.0,0.004,0.0,1.0,0.0,1.0,Aceptable,PM2.5,2024-03-11
TLA,2024-03-11 12:00:00,0.005,92.0,36.5,19.44,,,,,40.0,22.0,0.005,0.0,1.0,0.0,1.0,Aceptable,PM2.5,2024-03-11
TLA,2024-03-11 13:00:00,0.008,57.0,32.2,19.19,1.11,,,,31.0,19.0,0.008,0.0,1.0,0.0,1.0,Aceptable,PM2.5,2024-03-11
TLA,2024-03-11 14:00:00,0.012,50.0,28.6,19.03,4.46,,,,25.0,17.0,0.012,0.0,1.0,0.0,1.0,Aceptable,PM2.5,2024-03-11
TLA,2024-03-11 15:00:00,0.008,56.0,20.9,19.58,4.83,,,,23.0,14.0,0.008,0.0,0.0,0.0,0.0,Buena,"PM10, PM2.5, O3",2024-03-11
TLA,2024-03-11 16:00:00,0.005,43.0,16.9,19.92,0.74,,,,20.0,11.0,0.005,0.0,0.0,0.0,0.0,Buena,"PM10, PM2.5, O3",2024-03-11
TLA,2024-03-11 17:00:00,0.005,31.0,7.4,19.64,,,,,16.0,7.0,0.005,0.0,0.0,0.0,0.0,Buena,"PM10, PM2.5, O3",2024-03-11
TLA,2024-03-11 18:00:00,,36.0,6.2,19.14,4.82,,,,15.0,5.0,,0.0,0.0,,0.0,Buena,"PM10, PM2.5",2024-03-11
TLA,2024-03-11 19:00:00,,6.0,,19.37,4.28,,,,8.0,5.0,,0.0,0.0,,0.0,Buena,"PM10, PM2.5",2024-03-11
TLA,2024-03-11 20:00:00,,2.0,,19.36,4.2,,,,5.0,,,0.0,,,0.0,Buena,PM10,2024-03-11
TLA,2024-03-11 21:00:00,,15.0,,19.23,2.55,,,,5.0,,,0.0,,,0.0,Buena,PM10,2024-03-11
TLA,2024-03-11 22:00:00,,27.0,,19.1,2.64,,,,8.0,,,0.0,,,0.0,Buena,PM10,2024-03-11
TLA,2024-03-11 23:00:00,,23.0,,18.89,3.28,,,,8.0,,,0.0,,,0.0,Buena,PM10,2024-03-11
TLA,2024-03-12 00:00:00,,25.0,17.1,18.8,0.57,,,,9.0,,,0.0,,,0.0,Buena,PM10,2024-03-12
TLA,2024-03-12 01:00:00,0.005,18.0,,18.74,0.04,,,,8.0,,0.005,0.0,,0.0,0.0,Buena,"PM10, O3",2024-03-12
TLA,2024-03-12 02:00:00,0.002,17.0,,18.56,0.06,,,,7.0,,0.002,0.0,,0.0,0.0,Buena,"PM10, O3",2024-03-12
TLA,2024-03-12 03:00:00,0.001,22.0,,18.42,0.44,,,,8.0,,0.001,0.0,,0.0,0.0,Buena,"PM10, O3",2024-03-12
TLA,2024-03-12 04:00:00,0.0,30.0,26.6,18.1,0.04,,,,10.0,,0.0,0.0,,0.0,0.0,Buena,"PM10, O3",2024-03-12
TLA,2024-03-12 05:00:00,0.0,29.0,,17.77,0.04,,,,10.0,,0.0,0.0,,0.0,0.0,Buena,"PM10, O3",2024-03-12
TLA,2024-03-12 06:00:00,0.001,38.0,,17.6,0.86,,,,12.0,,0.001,0.0,,0.0,0.0,Buena,"PM10, O3",2024-03-12
TLA,2024-03-12 07:00:00,0.0,64.0,47.9,17.52,3.32,,,,18.0,,0.0,0.0,,0.0,0.0,Buena,"PM10, O3",2024-03-12
TLA,2024-03-12 08:00:00,0.001,67.0,59.1,17.61,2.28,,,,22.0,27.0,0.001,0.0,1.0,0.0,1.0,Aceptable,PM2.5,2024-03-12
TLA,2024-03-12 09:00:00,0.001,71.0,,18.2,2.79,,,,24.0,27.0,0.001,0.0,1.0,0.0,1.0,Aceptable,PM2.5,2024-03-12
TLA,2024-03-12 10:00:00,0.004,95.0,48.8,19.13,0.72,,,,30.0,25.0,0.004,0.0,1.0,0.0,1.0,Aceptable,PM2.5,2024-03-12
TLA,2024-03-12 11:00:00,0.013,108.0,46.3,19.41,0.37,,,,36.0,24.0,0.013,0.0,1.0,0.0,1.0,Aceptable,PM2.5,2024-03-12
TLA,2024-03-12 12:00:00,0.023,83.0,42.6,19.36,6.44,,,,34.0,23.0,0.023,0.0,1.0,0.0,1.0,Aceptable,PM2.5,2024-03-12
TLA,2024-03-12 13:00:00,0.03,83.0,49.8,19.24,4.78,,,,33.0,24.0,0.03,0.0,1.0,0.0,1.0,Aceptable,PM2.5,2024-03-12
TLA,2024-03-12 14:00:00,0.036,59.0,31.3,18.96,5.2,,,,27.0,20.0,0.036,0.0,1.0,0.0,1.0,Aceptable,PM2.5,2024-03-12
TLA,2024-03-12 15:00:00,0.025,56.0,21.0,19.46,6.45,,,,24.0,15.0,0.025,0.0,0.0,0.0,0.0,Buena,"PM10, PM2.5, O3",2024-03-12
TLA,2024-03-12 16:00:00,0.019,39.0,23.7,19.69,7.03,,,,20.0,13.0,0.019,0.0,0.0,0.0,0.0,Buena,"PM10, PM2.5, O3",2024-03-12
TLA,2024-03-12 17:00:00,0.015,49.0,30.1,19.34,8.56,,,,19.0,14.0,0.015,0.0,0.0,0.0,0.0,Buena,"PM10, PM2.5, O3",2024-03-12
TLA,2024-03-12 18:00:00,0.011,26.0,5.0,19.08,6.6,,,,14.0,8.0,0.011,0.0,0.0,0.0,0.0,Buena,"PM10, PM2.5, O3",2024-03-12
TLA,2024-03-12 19:00:00,0.009,24.0,15.0,19.28,9.28,,,,12.0,8.0,0.009,0.0,0.0,0.0,0.0,Buena,"PM10, PM2.5, O3",2024-03-12
TLA,2024-03-12 20:00:00,0.009,20.0,,19.2,6.84,,,,10.0,8.0,0.009,0.0,0.0,0.0,0.0,Buena,"PM10, PM2.5, O3",2024-03-12
TLA,2024-03-12 21:00:00,0.009,5.0,,18.98,,,,,6.0,,0.009,0.0,,0.0,0.0,Buena,"PM10, O3",2024-03-12
TLA,2024-03-12 22:00:00,0.01,,23.7,18.93,0.75,,,,6.0,,0.01,0.0,,0.0,0.0,Buena,"PM10, O3",2024-03-12
TLA,2024-03-12 23:00:00,0.016,10.0,,18.79,2.36,,,,4.0,,0.016,0.0,,0.0,0.0,Buena,"PM10, O3",2024-03-12
TLA,2024-03-13 00:00:00,0.009,22.0,21.9,18.73,0.71,,,,7.0,11.0,0.009,0.0,0.0,0.0,0.0,Buena,"PM10, PM2.5, O3",2024-03-13
TLA,2024-03-13 01:00:00,0.005,29.0,,18.66,0.73,,,,9.0,,0.005,0.0,,0.0,0.0,Buena,"PM10, O3",2024-03-13
TLA,2024-03-13 02:00:00,0.01,35.0,29.5,18.52,0.68,,,,11.0,14.0,0.01,0.0,0.0,0.0,0.0,Buena,"PM10, PM2.5, O3",2024-03-13
TLA,2024-03-13 03:00:00,0.004,41.0,34.2,18.23,0.73,,,,13.0,16.0,0.004,0.0,1.0,0.0,1.0,Aceptable,PM2.5,2024-03-13
TLA,2024-03-13 04:00:00,0.002,45.0,38.4,17.86,1.2,,,,15.0,18.0,0.002,0.0,1.0,0.0,1.0,Aceptable,PM2.5,2024-03-13
TLA,2024-03-13 05:00:00,0.001,45.0,44.9,17.77,1.0,,,,16.0,20.0,0.001,0.0,1.0,0.0,1.0,Aceptable,PM2.5,2024-03-13
TLA,2024-03-13 06:00:00,0.0,62.0,39.4,17.7,1.12,,,,20.0,20.0,0.0,0.0,1.0,0.0,1.0,Aceptable,PM2.5,2024-03-13
TLA,2024-03-13 07:00:00,0.0,80.0,48.9,17.7,0.04,,,,25.0,22.0,0.0,0.0,1.0,0.0,1.0,Aceptable,PM2.5,2024-03-13
TLA,2024-03-13 08:00:00,0.0,74.0,60.4,17.82,2.53,,,,27.0,26.0,0.0,0.0,1.0,0.0,1.0,Aceptable,PM2.5,2024-03-13
TLA,2024-03-13 09:00:00,,86.0,65.4,18.4,4.56,,,,30.0,29.0,,0.0,1.0,,1.0,Aceptable,PM2.5,2024-03-13
TLA,2024-03-13 10:00:00,0.007,83.0,50.7,19.04,5.11,,,,31.0,27.0,0.007,0.0,1.0,0.0,1.0,Aceptable,PM2.5,2024-03-13
TLA,2024-03-13 11:00:00,0.013,98.0,43.0,19.43,4.46,,,,34.0,24.0,0.013,0.0,1.0,0.0,1.0,Aceptable,PM2.5,2024-03-13
TLA,2024-03-13 12:00:00,0.014,89.0,40.7,19.29,2.89,,,,34.0,22.0,0.014,0.0,1.0,0.0,1.0,Aceptable,PM2.5,2024-03-13
TLA,2024-03-13 13:00:00,0.016,69.0,31.2,19.19,,,,,30.0,19.0,0.016,0.0,1.0,0.0,1.0,Aceptable,PM2.5,2024-03-13
TLA,2024-03-13 14:00:00,0.025,46.0,35.5,18.81,4.3,,,,24.0,18.0,0.025,0.0,1.0,0.0,1.0,Aceptable,PM2.5,2024-03-13
TLA,2024-03-13 15:00:00,0.015,40.0,28.2,19.04,9.44,,,,19.0,16.0,0.015,0.0,1.0,0.0,1.0,Aceptable,PM2.5,2024-03-13
TLA,2024-03-13 16:00:00,0.017,41.0,24.9,19.05,6.49,,,,18.0,14.0,0.017,0.0,0.0,0.0,0.0,Buena,"PM10, PM2.5, O3",2024-03-13
TLA,2024-03-13 17:00:00,0.015,38.0,16.2,18.95,7.08,,,,16.0,11.0,0.015,0.0,0.0,0.0,0.0,Buena,"PM10, PM2.5, O3",2024-03-13
TLA,2024-03-13 18:00:00,0.011,28.0,14.7,19.3,2.93,,,,13.0,9.0,0.011,0.0,0.0,0.0,0.0,Buena,"PM10, PM2.5, O3",2024-03-13
TLA,2024-03-13 19:00:00,0.01,20.0,,19.38,4.19,,,,10.0,9.0,0.01,0.0,0.0,0.0,0.0,Buena,"PM10, PM2.5, O3",2024-03-13
TLA,2024-03-13 20:00:00,0.007,5.0,,19.39,3.29,,,,6.0,,0.007,0.0,,0.0,0.0,Buena,"PM10, O3",2024-03-13
TLA,2024-03-13 21:00:00,0.005,13.0,,19.18,4.28,,,,6.0,,0.005,0.0,,0.0,0.0,Buena,"PM10, O3",2024-03-13
TLA,2024-03-13 22:00:00,0.01,12.0,,18.99,0.04,,,,5.0,,0.01,0.0,,0.0,0.0,Buena,"PM10, O3",2024-03-13
TLA,2024-03-13 23:00:00,0.013,21.0,,18.82,2.91,,,,7.0,,0.013,0.0,,0.0,0.0,Buena,"PM10, O3",2024-03-13
TLA,2024-03-14 00:00:00,0.015,6.0,,18.67,1.1,,,,4.0,,0.015,0.0,,0.0,0.0,Buena,"PM10, O3",2024-03-14
TLA,2024-03-14 01:00:00,0.015,11.0,,18.54,0.04,,,,4.0,,0.015,0.0,,0.0,0.0,Buena,"PM10, O3",2024-03-14
TLA,2024-03-14 02:00:00,0.011,21.0,,18.41,0.04,,,,6.0,,0.011,0.0,,0.0,0.0,Buena,"PM10, O3",2024-03-14
TLA,2024-03-14 03:00:00,0.011,19.0,,18.1,0.57,,,,7.0,,0.011,0.0,,0.0,0.0,Buena,"PM10, O3",2024-03-14
TLA,2024-03-14 04:00:00,0.007,18.0,,17.82,1.08,,,,7.0,,0.007,0.0,,0.0,0.0,Buena,"PM10, O3",2024-03-14
TLA,2024-03-14 05:00:00,0.001,29.0,,17.68,0.72,,,,9.0,,0.001,0.0,,0.0,0.0,Buena,"PM10, O3",2024-03-14
TLA,2024-03-14 06:00:00,0.0,66.0,44.3,17.58,0.04,,,,17.0,,0.0,0.0,,0.0,0.0,Buena,"PM10, O3",2024-03-14
TLA,2024-03-14 07:00:00,0.0,88.0,57.4,17.62,0.04,,,,25.0,26.0,0.0,0.0,1.0,0.0,1.0,Aceptable,PM2.5,2024-03-14
TLA,2024-03-14 08:00:00,0.0,84.0,81.2,17.67,0.95,,,,29.0,34.0,0.0,0.0,2.0,0.0,2.0,Mala,PM2.5,2024-03-14
TLA,2024-03-14 09:00:00,0.001,79.0,73.4,18.26,2.23,,,,29.0,35.0,0.001,0.0,2.0,0.0,2.0,Mala,PM2.5,2024-03-14
TLA,2024-03-14 10:00:00,0.001,122.0,66.3,19.11,2.49,,,,38.0,34.0,0.001,0.0,2.0,0.0,2.0,Mala,PM2.5,2024-03-14
TLA,2024-03-14 11:00:00,0.006,120.0,49.4,19.44,2.78,,,,42.0,30.0,0.006,0.0,1.0,0.0,1.0,Aceptable,PM2.5,2024-03-14
TLA,2024-03-14 12:00:00,0.018,87.0,38.8,19.41,,,,,37.0,24.0,0.018,0.0,1.0,0.0,1.0,Aceptable,PM2.5,2024-03-14
TLA,2024-03-14 13:00:00,0.02,56.0,25.2,19.0,4.28,,,,29.0,18.0,0.02,0.0,1.0,0.0,1.0,Aceptable,PM2.5,2024-03-14
TLA,2024-03-14 14:00:00,0.023,42.0,35.9,18.82,,,,,23.0,18.0,0.023,0.0,1.0,0.0,1.0,Aceptable,PM2.5,2024-03-14
TLA,2024-03-14 15:00:00,0.021,42.0,29.3,19.25,9.44,,,,19.0,16.0,0.021,0.0,1.0,0.0,1.0,Aceptable,PM2.5,2024-03-14
TLA,2024-03-14 16:00:00,0.011,63.0,24.9,19.81,8.65,,,,22.0,14.0,0.011,0.0,0.0,0.0,0.0,Buena,"PM10, PM2.5, O3",2024-03-14
TLA,2024-03-14 17:00:00,0.009,57.0,43.7,19.28,8.92,,,,22.0,18.0,0.009,0.0,1.0,0.0,1.0,Aceptable,PM2.5,2024-03-14
TLA,2024-03-14 18:00:00,0.009,33.0,,19.39,4.65,,,,17.0,18.0,0.009,0.0,1.0,0.0,1.0,Aceptable,PM2.5,2024-03-14
TLA,2024-03-14 19:00:00,0.004,39.0,30.5,19.51,9.42,,,,16.0,16.0,0.004,0.0,1.0,0.0,1.0,Aceptable,PM2.5,2024-03-14
TLA,2024-03-14 20:00:00,0.011,25.0,,19.36,0.57,,,,13.0,,0.011,0.0,,0.0,0.0,Buena,"PM10, O3",2024-03-14
TLA,2024-03-14 21:00:00,0.01,25.0,,19.27,4.28,,,,11.0,,0.01,0.0,,0.0,0.0,Buena,"PM10, O3",2024-03-14
TLA,2024-03-14 22:00:00,0.023,17.0,,19.08,2.53,,,,9.0,,0.023,0.0,,0.0,0.0,Buena,"PM10, O3",2024-03-14
TLA,2024-03-14 23:00:00,0.012,17.0,,18.96,0.72,,,,8.0,,0.012,0.0,,0.0,0.0,Buena,"PM10, O3",2024-03-14
TLA,2024-03-15 00:00:00,0.019,19.0,,18.83,2.15,,,,7.0,,0.019,0.0,,0.0,0.0,Buena,"PM10, O3",2024-03-15
TLA,2024-03-15 01:00:00,0.013,6.0,,18.66,0.76,,,,5.0,,0.013,0.0,,0.0,0.0,Buena,"PM10, O3",2024-03-15
TLA,2024-03-15 02:00:00,0.003,39.0,26.0,18.54,0.43,,,,10.0,,0.003,0.0,,0.0,0.0,Buena,"PM10, O3",2024-03-15
TLA,2024-03-15 03:00:00,0.004,39.0,36.4,18.21,,,,,12.0,16.0,0.004,0.0,1.0,0.0,1.0,Aceptable,PM2.5,2024-03-15
TLA,2024-03-15 04:00:00,,27.0,,17.73,,,,,11.0,16.0,,0.0,1.0,,1.0,Aceptable,PM2.5,2024-03-15
TLA,2024-03-15 05:00:00,,11.0,,17.5,,,,,8.0,,,0.0,,,0.0,Buena,PM10,2024-03-15
TLA,2024-03-15 06:00:00,,33.0,,17.47,,,,,10.0,,,0.0,,,0.0,Buena,PM10,2024-03-15
TLA,2024-03-15 07:00:00,,75.0,69.2,17.46,1.12,,,,19.0,,,0.0,,,0.0,Buena,PM10,2024-03-15
TLA,2024-03-15 08:00:00,0.001,92.0,76.6,17.53,2.76,,,,27.0,36.0,0.001,0.0,2.0,0.0,2.0,Mala,PM2.5,2024-03-15
TLA,2024-03-15 09:00:00,0.002,70.0,,18.17,4.57,,,,27.0,36.0,0.002,0.0,2.0,0.0,2.0,Mala,PM2.5,2024-03-15
TLA,2024-03-15 10:00:00,0.006,103.0,58.4,19.25,4.32,,,,33.0,31.0,0.006,0.0,1.0,0.0,1.0,Aceptable,PM2.5,2024-03-15
TLA,2024-03-15 11:00:00,0.012,135.0,57.6,19.62,4.14,,,,42.0,30.0,0.012,0.0,1.0,0.0,1.0,Aceptable,PM2.5,2024-03-15
TLA,2024-03-15 12:00:00,0.019,119.0,27.1,19.45,0.75,,,,44.0,21.0,0.019,0.0,1.0,0.0,1.0,Aceptable,PM2.5,2024-03-15
TLA,2024-03-15 13:00:00,0.018,73.0,31.5,19.24,6.21,,,,36.0,18.0,0.018,0.0,1.0,0.0,1.0,Aceptable,PM2.5,2024-03-15
TLA,2024-03-15 14:00:00,0.021,38.0,,19.24,,,,,25.0,18.0,0.021,0.0,1.0,0.0,1.0,Aceptable,PM2.5,2024-03-15
TLA,2024-03-15 15:00:00,0.017,46.0,33.2,19.05,6.71,,,,21.0,17.0,0.017,0.0,1.0,0.0,1.0,Aceptable,PM2.5,2024-03-15
TLA,2024-03-15 16:00:00,0.009,34.0,,19.02,3.02,,,,17.0,,0.009,0.0,,0.0,0.0,Buena,"PM10, O3",2024-03-15
TLA,2024-03-15 17:00:00,0.007,42.0,29.2,18.94,7.22,,,,17.0,15.0,0.007,0.0,0.0,0.0,0.0,Buena,"PM10, PM2.5, O3",2024-03-15
TLA,2024-03-15 18:00:00,0.006,38.0,15.1,19.33,6.86,,,,15.0,11.0,0.006,0.0,0.0,0.0,0.0,Buena,"PM10, PM2.5, O3",2024-03-15
TLA,2024-03-15 19:00:00,0.008,35.0,26.8,19.42,3.32,,,,14.0,12.0,0.008,0.0,0.0,0.0,0.0,Buena,"PM10, PM2.5, O3",2024-03-15
TLA,2024-03-15 20:00:00,0.004,17.0,,19.39,4.96,,,,10.0,12.0,0.004,0.0,0.0,0.0,0.0,Buena,"PM10, PM2.5, O3",2024-03-15
TLA,2024-03-15 21:00:00,0.003,17.0,,19.22,5.21,,,,8.0,,0.003,0.0,,0.0,0.0,Buena,"PM10, O3",2024-03-15
TLA,2024-03-15 22:00:00,0.0,24.0,,18.98,0.58,,,,9.0,,0.0,0.0,,0.0,0.0,Buena,"PM10, O3",2024-03-15
TLA,2024-03-15 23:00:00,0.003,23.0,,18.83,0.56,,,,9.0,,0.003,0.0,,0.0,0.0,Buena,"PM10, O3",2024-03-15
TLA,2024-03-16 00:00:00,0.005,21.0,,18.67,1.1,,,,8.0,,0.005,0.0,,0.0,0.0,Buena,"PM10, O3",2024-03-16
TLA,2024-03-16 01:00:00,0.006,24.0,21.4,18.66,1.0,,,,9.0,,0.006,0.0,,0.0,0.0,Buena,"PM10, O3",2024-03-16
TLA,2024-03-16 02:00:00,0.005,27.0,24.0,18.58,0.04,,,,9.0,12.0,0.005,0.0,0.0,0.0,0.0,Buena,"PM10, PM2.5, O3",2024-03-16
TLA,2024-03-16 03:00:00,,31.0,29.9,18.28,0.04,,,,11.0,13.0,,0.0,0.0,,0.0,Buena,"PM10, PM2.5",2024-03-16
TLA,2024-03-16 04:00:00,0.001,24.0,,18.04,0.04,,,,10.0,13.0,0.001,0.0,0.0,0.0,0.0,Buena,"PM10, PM2.5, O3",2024-03-16
TLA,2024-03-16 05:00:00,0.0,25.0,,17.89,2.27,,,,10.0,,0.0,0.0,,0.0,0.0,Buena,"PM10, O3",2024-03-16
TLA,2024-03-16 06:00:00,0.0,37.0,34.9,17.83,0.46,,,,12.0,,0.0,0.0,,0.0,0.0,Buena,"PM10, O3",2024-03-16
TLA,2024-03-16 07:00:00,0.001,65.0,,17.81,2.24,,,,18.0,,0.001,0.0,,0.0,0.0,Buena,"PM10, O3",2024-03-16
TLA,2024-03-16 08:00:00,0.001,109.0,97.3,17.89,2.16,,,,30.0,41.0,0.001,0.0,2.0,0.0,2.0,Mala,PM2.5,2024-03-16
TLA,2024-03-16 09:00:00,0.001,74.0,58.5,18.4,2.36,,,,29.0,34.0,0.001,0.0,2.0,0.0,2.0,Mala,PM2.5,2024-03-16
TLA,2024-03-16 10:00:00,0.004,107.0,55.9,19.12,6.2,,,,35.0,31.0,0.004,0.0,1.0,0.0,1.0,Aceptable,PM2.5,2024-03-16
TLA,2024-03-16 11:00:00,0.015,111.0,26.1,19.37,2.36,,,,39.0,21.0,0.015,0.0,1.0,0.0,1.0,Aceptable,PM2.5,2024-03-16
TLA,2024-03-16 12:00:00,0.02,84.0,33.2,19.32,5.23,,,,35.0,19.0,0.02,0.0,1.0,0.0,1.0,Aceptable,PM2.5,2024-03-16
TLA,2024-03-16 13:00:00,0.026,57.0,25.6,19.17,3.17,,,,28.0,16.0,0.026,0.0,1.0,0.0,1.0,Aceptable,PM2.5,2024-03-16
TLA,2024-03-16 14:00:00,0.026,34.0,17.9,19.42,4.94,,,,21.0,12.0,0.026,0.0,0.0,0.0,0.0,Buena,"PM10, PM2.5, O3",2024-03-16
TLA,2024-03-16 15:00:00,0.009,48.0,22.3,19.91,5.29,,,,19.0,12.0,0.009,0.0,0.0,0.0,0.0,Buena,"PM10, PM2.5, O3",2024-03-16
TLA,2024-03-16 16:00:00,0.012,49.0,24.3,20.29,,,,,19.0,12.0,0.012,0.0,0.0,0.0,0.0,Buena,"PM10, PM2.5, O3",2024-03-16
TLA,2024-03-16 17:00:00,0.014,50.0,24.3,20.01,8.39,,,,19.0,12.0,0.014,0.0,0.0,0.0,0.0,Buena,"PM10, PM2.5, O3",2024-03-16
TLA,2024-03-16 18:00:00,0.013,22.0,21.1,19.18,4.92,,,,14.0,11.0,0.013,0.0,0.0,0.0,0.0,Buena,"PM10, PM2.5, O3",2024-03-16
TLA,2024-03-16 19:00:00,0.011,2.0,,19.23,6.83,,,,7.0,11.0,0.011,0.0,0.0,0.0,0.0,Buena,"PM10, PM2.5, O3",2024-03-16
TLA,2024-03-16 20:00:00,0.007,,23.6,19.27,5.32,,,,7.0,12.0,0.007,0.0,0.0,0.0,0.0,Buena,"PM10, PM2.5, O3",2024-03-16
TLA,2024-03-16 21:00:00,0.003,8.0,,19.18,5.2,,,,4.0,,0.003,0.0,,0.0,0.0,Buena,"PM10, O3",2024-03-16
TLA,2024-03-16 22:00:00,0.009,12.0,,18.99,2.63,,,,4.0,,0.009,0.0,,0.0,0.0,Buena,"PM10, O3",2024-03-16
TLA,2024-03-16 23:00:00,0.001,6.0,,18.84,5.3,,,,3.0,,0.001,0.0,,0.0,0.0,Buena,"PM10, O3",2024-03-16
TLA,2024-03-17 00:00:00,0.008,,12.6,18.68,0.04,,,,3.0,,0.008,0.0,,0.0,0.0,Buena,"PM10, O3",2024-03-17
TLA,2024-03-17 01:00:00,0.003,,19.2,18.58,0.04,,,,,9.0,0.003,,0.0,0.0,0.0,Buena,"PM2.5, O3",2024-03-17
TLA,2024-03-17 02:00:00,,17.0,,18.45,0.73,,,,,9.0,,,0.0,,0.0,Buena,PM2.5,2024-03-17
TLA,2024-03-17 03:00:00,0.0,28.0,28.0,18.25,0.04,,,,9.0,12.0,0.0,0.0,0.0,0.0,0.0,Buena,"PM10, PM2.5, O3",2024-03-17
TLA,2024-03-17 04:00:00,0.0,23.0,,18.09,0.04,,,,9.0,,0.0,0.0,,0.0,0.0,Buena,"PM10, O3",2024-03-17
TLA,2024-03-17 05:00:00,0.004,19.0,,17.88,1.24,,,,8.0,,0.004,0.0,,0.0,0.0,Buena,"PM10, O3",2024-03-17
TLA,2024-03-17 06:00:00,,27.0,,17.7,3.13,,,,9.0,,,0.0,,,0.0,Buena,PM10,2024-03-17
TLA,2024-03-17 07:00:00,0.0,54.0,50.3,17.63,0.04,,,,15.0,,0.0,0.0,,0.0,0.0,Buena,"PM10, O3",2024-03-17
TLA,2024-03-17 08:00:00,,62.0,52.5,17.68,2.67,,,,19.0,26.0,,0.0,1.0,,1.0,Aceptable,PM2.5,2024-03-17
TLA,2024-03-17 09:00:00,0.003,48.0,32.8,18.43,0.36,,,,19.0,20.0,0.003,0.0,1.0,0.0,1.0,Aceptable,PM2.5,2024-03-17
TLA,2024-03-17 10:00:00,0.006,58.0,34.8,19.22,0.56,,,,20.0,19.0,0.006,0.0,1.0,0.0,1.0,Aceptable,PM2.5,2024-03-17
TLA,2024-03-17 11:00:00,0.011,79.0,24.9,19.44,4.34,,,,25.0,16.0,0.011,0.0,1.0,0.0,1.0,Aceptable,PM2.5,2024-03-17
TLA,2024-03-17 12:00:00,0.01,75.0,23.7,19.25,4.59,,,,27.0,14.0,0.01,0.0,0.0,0.0,0.0,Buena,"PM10, PM2.5, O3",2024-03-17
TLA,2024-03-17 13:00:00,0.011,49.0,15.6,18.88,,,,,23.0,11.0,0.011,0.0,0.0,0.0,0.0,Buena,"PM10, PM2.5, O3",2024-03-17
TLA,2024-03-17 14:00:00,0.011,24.0,23.3,18.79,5.32,,,,16.0,11.0,0.011,0.0,0.0,0.0,0.0,Buena,"PM10, PM2.5, O3",2024-03-17
TLA,2024-03-17 15:00:00,0.011,31.0,23.7,19.21,,,,,14.0,12.0,0.011,0.0,0.0,0.0,0.0,Buena,"PM10, PM2.5, O3",2024-03-17
TLA,2024-03-17 16:00:00,0.01,33.0,17.5,19.47,4.4,,,,13.0,10.0,0.01,0.0,0.0,0.0,0.0,Buena,"PM10, PM2.5, O3",2024-03-17
TLA,2024-03-17 17:00:00,0.011,27.0,4.3,19.31,,,,,12.0,6.0,0.011,0.0,0.0,0.0,0.0,Buena,"PM10, PM2.5, O3",2024-03-17
TLA,2024-03-17 18:00:00,0.01,34.0,9.0,19.15,8.76,,,,12.0,5.0,0.01,0.0,0.0,0.0,0.0,Buena,"PM10, PM2.5, O3",2024-03-17
TLA,2024-03-17 19:00:00,0.007,4.0,,19.35,4.18,,,,7.0,5.0,0.007,0.0,0.0,0.0,0.0,Buena,"PM10, PM2.5, O3",2024-03-17
TLA,2024-03-17 20:00:00,0.005,,5.2,19.36,5.29,,,,7.0,4.0,0.005,0.0,0.0,0.0,0.0,Buena,"PM10, PM2.5, O3",2024-03-17
TLA,2024-03-17 21:00:00,0.003,,11.9,19.2,0.6,,,,,5.0,0.003,,0.0,0.0,0.0,Buena,"PM2.5, O3",2024-03-17
TLA,2024-03-17 22:00:00,0.008,,12.8,18.99,0.88,,,,,6.0,0.008,,0.0,0.0,0.0,Buena,"PM2.5, O3",2024-03-17
TLA,2024-03-17 23:00:00,0.003,2.0,,18.87,1.11,,,,,6.0,0.003,,0.0,0.0,0.0,Buena,"PM2.5, O3",2024-03-17
TLA,2024-03-18 00:00:00,0.005,12.0,,18.76,0.04,,,,3.0,,0.005,0.0,,0.0,0.0,Buena,"PM10, O3",2024-03-18
TLA,2024-03-18 01:00:00,0.004,24.0,20.0,18.59,0.22,,,,7.0,,0.004,0.0,,0.0,0.0,Buena,"PM10, O3",2024-03-18
TLA,2024-03-18 02:00:00,0.001,12.0,,18.34,0.04,,,,6.0,,0.001,0.0,,0.0,0.0,Buena,"PM10, O3",2024-03-18
TLA,2024-03-18 03:00:00,0.004,7.0,,18.08,0.04,,,,4.0,,0.004,0.0,,0.0,0.0,Buena,"PM10, O3",2024-03-18
TLA,2024-03-18 04:00:00,0.001,13.0,,17.66,0.04,,,,5.0,,0.001,0.0,,0.0,0.0,Buena,"PM10, O3",2024-03-18
TLA,2024-03-18 05:00:00,0.002,7.0,,17.42,0.86,,,,4.0,,0.002,0.0,,0.0,0.0,Buena,"PM10, O3",2024-03-18
TLA,2024-03-18 06:00:00,,33.0,,17.39,2.16,,,,8.0,,,0.0,,,0.0,Buena,PM10,2024-03-18
TLA,2024-03-18 07:00:00,,60.0,59.5,17.36,1.13,,,,15.0,,,0.0,,,0.0,Buena,PM10,2024-03-18
TLA,2024-03-18 08:00:00,,74.0,,17.45,2.9,,,,22.0,,,0.0,,,0.0,Buena,PM10,2024-03-18
TLA,2024-03-18 09:00:00,0.0,66.0,,18.3,1.25,,,,23.0,,0.0,0.0,,0.0,0.0,Buena,"PM10, O3",2024-03-18
TLA,2024-03-18 10:00:00,0.01,92.0,39.8,19.34,9.32,,,,29.0,,0.01,0.0,,0.0,0.0,Buena,"PM10, O3",2024-03-18
TLA,2024-03-18 11:00:00,0.017,106.0,11.7,19.55,4.6,,,,35.0,11.0,0.017,0.0,0.0,0.0,0.0,Buena,"PM10, PM2.5, O3",2024-03-18
TLA,2024-03-18 12:00:00,0.015,73.0,14.2,19.33,,,,,31.0,9.0,0.015,0.0,0.0,0.0,0.0,Buena,"PM10, PM2.5, O3",2024-03-18
TLA,2024-03-18 13:00:00,0.015,36.0,18.4,19.02,8.64,,,,22.0,9.0,0.015,0.0,0.0,0.0,0.0,Buena,"PM10, PM2.5, O3",2024-03-18
TLA,2024-03-18 14:00:00,0.019,22.0,18.5,18.91,4.58,,,,15.0,9.0,0.019,0.0,0.0,0.0,0.0,Buena,"PM10, PM2.5, O3",2024-03-18
TLA,2024-03-18 15:00:00,0.017,43.0,5.5,19.5,3.26,,,,16.0,6.0,0.017,0.0,0.0,0.0,0.0,Buena,"PM10, PM2.5, O3",2024-03-18
TLA,2024-03-18 16:00:00,0.013,48.0,19.5,19.2,8.76,,,,17.0,8.0,0.013,0.0,0.0,0.0,0.0,Buena,"PM10, PM2.5, O3",2024-03-18
TLA,2024-03-18 17:00:00,0.018,,12.8,18.92,3.28,,,,17.0,7.0,0.018,0.0,0.0,0.0,0.0,Buena,"PM10, PM2.5, O3",2024-03-18
TLA,2024-03-18 18:00:00,0.017,25.0,6.8,19.1,3.19,,,,12.0,5.0,0.017,0.0,0.0,0.0,0.0,Buena,"PM10, PM2.5, O3",2024-03-18
TLA,2024-03-18 19:00:00,0.012,15.0,7.4,19.46,2.92,,,,8.0,4.0,0.012,0.0,0.0,0.0,0.0,Buena,"PM10, PM2.5, O3",2024-03-18
TLA,2024-03-18 20:00:00,0.008,,7.4,19.44,2.22,,,,8.0,4.0,0.008,0.0,0.0,0.0,0.0,Buena,"PM10, PM2.5, O3",2024-03-18
TLA,2024-03-18 21:00:00,0.017,,9.4,19.23,0.44,,,,,4.0,0.017,,0.0,0.0,0.0,Buena,"PM2.5, O3",2024-03-18
TLA,2024-03-18 22:00:00,0.007,3.0,,19.14,0.23,,,,,4.0,0.007,,0.0,0.0,0.0,Buena,"PM2.5, O3",2024-03-18
TLA,2024-03-18 23:00:00,0.009,1.0,,19.07,0.88,,,,1.0,,0.009,0.0,,0.0,0.0,Buena,"PM10, O3",2024-03-18
TLA,2024-03-19 00:00:00,0.017,6.0,,19.07,0.98,,,,2.0,,0.017,0.0,,0.0,0.0,Buena,"PM10, O3",2024-03-19
TLA,2024-03-19 01:00:00,0.018,16.0,11.2,19.02,0.04,,,,4.0,,0.018,0.0,,0.0,0.0,Buena,"PM10, O3",2024-03-19
TLA,2024-03-19 02:00:00,0.011,17.0,13.6,19.03,0.04,,,,5.0,6.0,0.011,0.0,0.0,0.0,0.0,Buena,"PM10, PM2.5, O3",2024-03-19
TLA,2024-03-19 03:00:00,0.011,14.0,10.7,18.81,2.42,,,,5.0,6.0,0.011,0.0,0.0,0.0,0.0,Buena,"PM10, PM2.5, O3",2024-03-19
TLA,2024-03-19 04:00:00,0.024,4.0,,18.7,0.72,,,,3.0,6.0,0.024,0.0,0.0,0.0,0.0,Buena,"PM10, PM2.5, O3",2024-03-19
TLA,2024-03-19 05:00:00,0.02,,11.5,18.61,0.04,,,,3.0,6.0,0.02,0.0,0.0,0.0,0.0,Buena,"PM10, PM2.5, O3",2024-03-19
TLA,2024-03-19 06:00:00,0.004,5.0,,18.62,1.24,,,,2.0,,0.004,0.0,,0.0,0.0,Buena,"PM10, O3",2024-03-19
TLA,2024-03-19 07:00:00,0.001,50.0,,18.6,2.24,,,,12.0,,0.001,0.0,,0.0,0.0,Buena,"PM10, O3",2024-03-19
TLA,2024-03-19 08:00:00,0.001,69.0,,18.77,0.24,,,,20.0,,0.001,0.0,,0.0,0.0,Buena,"PM10, O3",2024-03-19
TLA,2024-03-19 09:00:00,0.002,126.0,96.8,19.17,0.04,,,,34.0,,0.002,0.0,,0.0,0.0,Buena,"PM10, O3",2024-03-19
TLA,2024-03-19 10:00:00,0.017,140.0,71.3,19.63,6.23,,,,44.0,39.0,0.017,0.0,2.0,0.0,2.0,Mala,PM2.5,2024-03-19
TLA,2024-03-19 11:00:00,0.024,150.0,137.7,19.53,0.99,,,,50.0,56.0,0.024,1.0,2.0,0.0,2.0,Mala,PM2.5,2024-03-19
TLA,2024-03-19 12:00:00,0.027,204.0,75.7,19.11,1.27,,,,64.0,46.0,0.027,2.0,2.0,0.0,2.0,Mala,"PM10, PM2.5",2024-03-19
TLA,2024-03-19 13:00:00,0.021,68.0,42.3,18.82,7.34,,,,45.0,33.0,0.021,0.0,1.0,0.0,1.0,Aceptable,PM2.5,2024-03-19
TLA,2024-03-19 14:00:00,0.019,97.0,52.7,19.06,4.28,,,,41.0,30.0,0.019,0.0,1.0,0.0,1.0,Aceptable,PM2.5,2024-03-19
TLA,2024-03-19 15:00:00,0.019,55.0,27.1,19.63,,,,,31.0,22.0,0.019,0.0,1.0,0.0,1.0,Aceptable,PM2.5,2024-03-19
TLA,2024-03-19 16:00:00,0.016,72.0,53.6,19.76,,,,,29.0,24.0,0.016,0.0,1.0,0.0,1.0,Aceptable,PM2.5,2024-03-19
TLA,2024-03-19 17:00:00,0.013,52.0,29.4,19.06,,,,,24.0,19.0,0.013,0.0,1.0,0.0,1.0,Aceptable,PM2.5,2024-03-19
TLA,2024-03-19 18:00:00,0.011,17.0,15.4,19.28,4.66,,,,15.0,14.0,0.011,0.0,0.0,0.0,0.0,Buena,"PM10, PM2.5, O3",2024-03-19
TLA,2024-03-19 19:00:00,0.009,8.0,,19.48,6.32,,,,9.0,14.0,0.009,0.0,0.0,0.0,0.0,Buena,"PM10, PM2.5, O3",2024-03-19
TLA,2024-03-19 20:00:00,0.008,,15.4,19.39,8.89,,,,9.0,10.0,0.008,0.0,0.0,0.0,0.0,Buena,"PM10, PM2.5, O3",2024-03-19
TLA,2024-03-19 21:00:00,0.008,2.0,,19.33,2.29,,,,4.0,,0.008,0.0,,0.0,0.0,Buena,"PM10, O3",2024-03-19
TLA,2024-03-19 22:00:00,0.004,8.0,,19.29,4.59,,,,3.0,,0.004,0.0,,0.0,0.0,Buena,"PM10, O3",2024-03-19
TLA,2024-03-19 23:00:00,0.014,3.0,,19.23,2.67,,,,2.0,,0.014,0.0,,0.0,0.0,Buena,"PM10, O3",2024-03-19
TLA,2024-03-20 00:00:00,0.016,6.0,,19.16,0.04,,,,2.0,,0.016,0.0,,0.0,0.0,Buena,"PM10, O3",2024-03-20
TLA,2024-03-20 01:00:00,0.015,4.0,,19.02,2.1,,,,2.0,,0.015,0.0,,0.0,0.0,Buena,"PM10, O3",2024-03-20
TLA,2024-03-20 02:00:00,0.011,5.0,,18.87,0.45,,,,2.0,,0.011,0.0,,0.0,0.0,Buena,"PM10, O3",2024-03-20
TLA,2024-03-20 03:00:00,0.004,16.0,,18.79,0.88,,,,4.0,,0.004,0.0,,0.0,0.0,Buena,"PM10, O3",2024-03-20
TLA,2024-03-20 04:00:00,0.003,8.0,,18.71,0.04,,,,4.0,,0.003,0.0,,0.0,0.0,Buena,"PM10, O3",2024-03-20
TLA,2024-03-20 05:00:00,0.003,10.0,,18.72,2.77,,,,4.0,,0.003,0.0,,0.0,0.0,Buena,"PM10, O3",2024-03-20
TLA,2024-03-20 06:00:00,,23.0,22.9,18.71,0.04,,,,6.0,,,0.0,,,0.0,Buena,PM10,2024-03-20
TLA,2024-03-20 07:00:00,,41.0,,18.64,0.04,,,,11.0,,,0.0,,,0.0,Buena,PM10,2024-03-20
TLA,2024-03-20 08:00:00,,48.0,,18.67,0.04,,,,15.0,,,0.0,,,0.0,Buena,PM10,2024-03-20
TLA,2024-03-20 09:00:00,0.001,84.0,53.4,19.17,5.17,,,,23.0,,0.001,0.0,,0.0,0.0,Buena,"PM10, O3",2024-03-20
TLA,2024-03-20 10:00:00,0.005,83.0,32.8,19.62,4.84,,,,27.0,19.0,0.005,0.0,1.0,0.0,1.0,Aceptable,PM2.5,2024-03-20
TLA,2024-03-20 11:00:00,0.018,101.0,50.6,19.63,4.14,,,,33.0,23.0,0.018,0.0,1.0,0.0,1.0,Aceptable,PM2.5,2024-03-20
TLA,2024-03-20 12:00:00,0.032,56.0,35.0,19.04,2.76,,,,27.0,20.0,0.032,0.0,1.0,0.0,1.0,Aceptable,PM2.5,2024-03-20
TLA,2024-03-20 13:00:00,0.041,30.0,27.3,18.86,8.26,,,,19.0,17.0,0.041,0.0,1.0,0.0,1.0,Aceptable,PM2.5,2024-03-20
TLA,2024-03-20 14:00:00,0.033,58.0,14.9,19.56,,,,,21.0,12.0,0.033,0.0,0.0,0.0,0.0,Buena,"PM10, PM2.5, O3",2024-03-20
TLA,2024-03-20 15:00:00,0.024,38.0,17.0,19.55,4.71,,,,18.0,10.0,0.024,0.0,0.0,0.0,0.0,Buena,"PM10, PM2.5, O3",2024-03-20
TLA,2024-03-20 16:00:00,0.018,32.0,20.9,19.7,3.12,,,,15.0,10.0,0.018,0.0,0.0,0.0,0.0,Buena,"PM10, PM2.5, O3",2024-03-20
TLA,2024-03-20 17:00:00,0.017,55.0,33.8,19.15,,,,,18.0,14.0,0.017,0.0,0.0,0.0,0.0,Buena,"PM10, PM2.5, O3",2024-03-20
TLA,2024-03-20 18:00:00,0.014,24.0,18.5,19.12,7.28,,,,13.0,11.0,0.014,0.0,0.0,0.0,0.0,Buena,"PM10, PM2.5, O3",2024-03-20
TLA,2024-03-20 19:00:00,0.008,16.0,,19.38,2.99,,,,10.0,11.0,0.008,0.0,0.0,0.0,0.0,Buena,"PM10, PM2.5, O3",2024-03-20
TLA,2024-03-20 20:00:00,0.005,,17.3,19.36,5.24,,,,10.0,10.0,0.005,0.0,0.0,0.0,0.0,Buena,"PM10, PM2.5, O3",2024-03-20
TLA,2024-03-20 21:00:00,0.008,0.0,,19.22,7.01,,,,3.0,,0.008,0.0,,0.0,0.0,Buena,"PM10, O3",2024-03-20
TLA,2024-03-20 22:00:00,0.011,,10.3,19.08,3.14,,,,,6.0,0.011,,0.0,0.0,0.0,Buena,"PM2.5, O3",2024-03-20
TLA,2024-03-20 23:00:00,0.012,5.0,3.0,18.98,0.04,,,,2.0,3.0,0.012,0.0,0.0,0.0,0.0,Buena,"PM10, PM2.5, O3",2024-03-20
TLA,2024-03-21 00:00:00,0.004,14.0,,18.81,0.04,,,,4.0,3.0,0.004,0.0,0.0,0.0,0.0,Buena,"PM10, PM2.5, O3",2024-03-21
TLA,2024-03-21 01:00:00,0.004,11.0,,18.75,0.04,,,,4.0,,0.004,0.0,,0.0,0.0,Buena,"PM10, O3",2024-03-21
TLA,2024-03-21 02:00:00,0.003,27.0,,18.69,0.04,,,,7.0,,0.003,0.0,,0.0,0.0,Buena,"PM10, O3",2024-03-21
TLA,2024-03-21 03:00:00,0.005,16.0,,18.54,1.11,,,,7.0,,0.005,0.0,,0.0,0.0,Buena,"PM10, O3",2024-03-21
TLA,2024-03-21 04:00:00,0.005,16.0,,18.53,,,,,6.0,,0.005,0.0,,0.0,0.0,Buena,"PM10, O3",2024-03-21
TLA,2024-03-21 05:00:00,0.002,29.0,,18.44,,,,,9.0,,0.002,0.0,,0.0,0.0,Buena,"PM10, O3",2024-03-21
TLA,2024-03-21 06:00:00,,48.0,38.1,18.36,,,,,13.0,,,0.0,,,0.0,Buena,PM10,2024-03-21
TLA,2024-03-21 07:00:00,,64.0,61.4,18.24,,,,,19.0,27.0,,0.0,1.0,,1.0,Aceptable,PM2.5,2024-03-21
TLA,2024-03-21 08:00:00,0.002,72.0,71.2,18.4,2.68,,,,23.0,32.0,0.002,0.0,1.0,0.0,1.0,Aceptable,PM2.5,2024-03-21
TLA,2024-03-21 09:00:00,0.003,92.0,80.5,18.85,4.31,,,,29.0,36.0,0.003,0.0,2.0,0.0,2.0,Mala,PM2.5,2024-03-21
TLA,2024-03-21 10:00:00,0.005,107.0,66.7,19.23,4.94,,,,35.0,35.0,0.005,0.0,2.0,0.0,2.0,Mala,PM2.5,2024-03-21
TLA,2024-03-21 11:00:00,0.007,77.0,53.4,19.36,,,,,32.0,31.0,0.007,0.0,1.0,0.0,1.0,Aceptable,PM2.5,2024-03-21
TLA,2024-03-21 12:00:00,0.012,71.0,42.0,19.31,5.22,,,,30.0,26.0,0.012,0.0,1.0,0.0,1.0,Aceptable,PM2.5,2024-03-21
TLA,2024-03-21 13:00:00,0.014,76.0,61.6,18.85,6.59,,,,29.0,28.0,0.014,0.0,1.0,0.0,1.0,Aceptable,PM2.5,2024-03-21
TLA,2024-03-21 14:00:00,0.018,55.0,53.1,18.83,,,,,25.0,27.0,0.018,0.0,1.0,0.0,1.0,Aceptable,PM2.5,2024-03-21
TLA,2024-03-21 15:00:00,0.014,54.0,41.9,19.06,8.29,,,,23.0,24.0,0.014,0.0,1.0,0.0,1.0,Aceptable,PM2.5,2024-03-21
TLA,2024-03-21 16:00:00,0.014,63.0,54.1,19.08,9.18,,,,23.0,26.0,0.014,0.0,1.0,0.0,1.0,Aceptable,PM2.5,2024-03-21
TLA,2024-03-21 17:00:00,0.01,49.0,36.6,18.95,,,,,21.0,22.0,0.01,0.0,1.0,0.0,1.0,Aceptable,PM2.5,2024-03-21
TLA,2024-03-21 18:00:00,0.012,48.0,30.0,19.35,8.49,,,,20.0,18.0,0.012,0.0,1.0,0.0,1.0,Aceptable,PM2.5,2024-03-21
TLA,2024-03-21 19:00:00,0.007,30.0,28.6,19.26,8.92,,,,16.0,16.0,0.007,0.0,1.0,0.0,1.0,Aceptable,PM2.5,2024-03-21
TLA,2024-03-21 20:00:00,0.009,0.0,,19.08,6.72,,,,8.0,16.0,0.009,0.0,1.0,0.0,1.0,Aceptable,PM2.5,2024-03-21
TLA,2024-03-21 21:00:00,0.004,,11.4,19.01,4.93,,,,8.0,9.0,0.004,0.0,0.0,0.0,0.0,Buena,"PM10, PM2.5, O3",2024-03-21
TLA,2024-03-21 22:00:00,0.004,3.0,,18.89,2.68,,,,3.0,,0.004,0.0,,0.0,0.0,Buena,"PM10, O3",2024-03-21
TLA,2024-03-21 23:00:00,0.002,1.0,,18.78,2.36,,,,2.0,,0.002,0.0,,0.0,0.0,Buena,"PM10, O3",2024-03-21
TLA,2024-03-22 00:00:00,0.005,6.0,,18.64,0.04,,,,2.0,,0.005,0.0,,0.0,0.0,Buena,"PM10, O3",2024-03-22
TLA,2024-03-22 01:00:00,0.002,5.0,,18.47,0.98,,,,2.0,,0.002,0.0,,0.0,0.0,Buena,"PM10, O3",2024-03-22
TLA,2024-03-22 02:00:00,,2.0,,18.3,0.72,,,,1.0,,,0.0,,,0.0,Buena,PM10,2024-03-22
TLA,2024-03-22 03:00:00,,16.0,,17.92,0.04,,,,4.0,,,0.0,,,0.0,Buena,PM10,2024-03-22
TLA,2024-03-22 04:00:00,,21.0,,17.58,0.82,,,,6.0,,,0.0,,,0.0,Buena,PM10,2024-03-22
TLA,2024-03-22 05:00:00,,20.0,,17.55,2.26,,,,7.0,,,0.0,,,0.0,Buena,PM10,2024-03-22
TLA,2024-03-22 06:00:00,0.002,36.0,,17.49,2.16,,,,10.0,,0.002,0.0,,0.0,0.0,Buena,"PM10, O3",2024-03-22
TLA,2024-03-22 07:00:00,0.0,60.0,,17.4,2.62,,,,17.0,,0.0,0.0,,0.0,0.0,Buena,"PM10, O3",2024-03-22
TLA,2024-03-22 08:00:00,0.002,82.0,62.9,17.52,2.77,,,,24.0,,0.002,0.0,,0.0,0.0,Buena,"PM10, O3",2024-03-22
TLA,2024-03-22 09:00:00,0.004,68.0,33.5,18.2,2.64,,,,25.0,22.0,0.004,0.0,1.0,0.0,1.0,Aceptable,PM2.5,2024-03-22
TLA,2024-03-22 10:00:00,0.003,87.0,32.3,19.23,6.83,,,,29.0,19.0,0.003,0.0,1.0,0.0,1.0,Aceptable,PM2.5,2024-03-22
TLA,2024-03-22 11:00:00,0.004,88.0,35.7,19.56,4.72,,,,31.0,18.0,0.004,0.0,1.0,0.0,1.0,Aceptable,PM2.5,2024-03-22
TLA,2024-03-22 12:00:00,0.026,82.0,36.4,19.36,4.95,,,,31.0,18.0,0.026,0.0,1.0,0.0,1.0,Aceptable,PM2.5,2024-03-22
TLA,2024-03-22 13:00:00,0.02,58.0,27.7,19.08,8.64,,,,27.0,16.0,0.02,0.0,1.0,0.0,1.0,Aceptable,PM2.5,2024-03-22
TLA,2024-03-22 14:00:00,0.018,34.0,27.0,19.08,,,,,20.0,15.0,0.018,0.0,0.0,0.0,0.0,Buena,"PM10, PM2.5, O3",2024-03-22
TLA,2024-03-22 15:00:00,0.022,53.0,22.7,19.72,,,,,20.0,13.0,0.022,0.0,0.0,0.0,0.0,Buena,"PM10, PM2.5, O3",2024-03-22
TLA,2024-03-22 16:00:00,0.019,35.0,30.7,19.43,6.33,,,,17.0,14.0,0.019,0.0,0.0,0.0,0.0,Buena,"PM10, PM2.5, O3",2024-03-22
TLA,2024-03-22 17:00:00,0.02,21.0,20.9,19.05,6.96,,,,12.0,12.0,0.02,0.0,0.0,0.0,0.0,Buena,"PM10, PM2.5, O3",2024-03-22
TLA,2024-03-22 18:00:00,0.017,28.0,15.9,19.24,,,,,11.0,10.0,0.017,0.0,0.0,0.0,0.0,Buena,"PM10, PM2.5, O3",2024-03-22
TLA,2024-03-22 19:00:00,0.016,12.0,,19.55,5.36,,,,8.0,10.0,0.016,0.0,0.0,0.0,0.0,Buena,"PM10, PM2.5, O3",2024-03-22
TLA,2024-03-22 20:00:00,0.014,,9.8,19.35,1.23,,,,8.0,7.0,0.014,0.0,0.0,0.0,0.0,Buena,"PM10, PM2.5, O3",2024-03-22
TLA,2024-03-22 21:00:00,0.014,,17.9,19.14,0.17,,,,,8.0,0.014,,0.0,0.0,0.0,Buena,"PM2.5, O3",2024-03-22
TLA,2024-03-22 22:00:00,0.007,3.0,,18.92,,,,,,8.0,0.007,,0.0,0.0,0.0,Buena,"PM2.5, O3",2024-03-22
TLA,2024-03-22 23:00:00,0.002,13.0,,18.8,,,,,4.0,,0.002,0.0,,0.0,0.0,Buena,"PM10, O3",2024-03-22
TLA,2024-03-23 00:00:00,,24.0,,18.67,,,,,7.0,,,0.0,,,0.0,Buena,PM10,2024-03-23
TLA,2024-03-23 01:00:00,,23.0,,18.43,,,,,8.0,,,0.0,,,0.0,Buena,PM10,2024-03-23
TLA,2024-03-23 02:00:00,,15.0,,18.16,,,,,7.0,,,0.0,,,0.0,Buena,PM10,2024-03-23
TLA,2024-03-23 03:00:00,,19.0,,17.64,,,,,7.0,,,0.0,,,0.0,Buena,PM10,2024-03-23
TLA,2024-03-23 04:00:00,,29.0,,17.39,,,,,9.0,,,0.0,,,0.0,Buena,PM10,2024-03-23
TLA,2024-03-23 05:00:00,,40.0,39.8,17.21,,,,,12.0,,,0.0,,,0.0,Buena,PM10,2024-03-23
TLA,2024-03-23 06:00:00,,55.0,,17.2,,,,,17.0,,,0.0,,,0.0,Buena,PM10,2024-03-23
TLA,2024-03-23 07:00:00,0.0,94.0,,17.22,0.48,,,,26.0,,0.0,0.0,,0.0,0.0,Buena,"PM10, O3",2024-03-23
TLA,2024-03-23 08:00:00,0.0,81.0,,17.24,2.22,,,,28.0,,0.0,0.0,,0.0,0.0,Buena,"PM10, O3",2024-03-23
TLA,2024-03-23 09:00:00,0.001,92.0,64.7,17.87,2.49,,,,32.0,,0.001,0.0,,0.0,0.0,Buena,"PM10, O3",2024-03-23
TLA,2024-03-23 10:00:00,0.003,102.0,46.2,19.25,1.14,,,,35.0,26.0,0.003,0.0,1.0,0.0,1.0,Aceptable,PM2.5,2024-03-23
TLA,2024-03-23 11:00:00,0.023,118.0,29.8,19.76,1.08,,,,40.0,20.0,0.023,0.0,1.0,0.0,1.0,Aceptable,PM2.5,2024-03-23
TLA,2024-03-23 12:00:00,0.031,112.0,26.4,19.33,6.25,,,,41.0,16.0,0.031,0.0,1.0,0.0,1.0,Aceptable,PM2.5,2024-03-23
TLA,2024-03-23 13:00:00,0.036,55.0,19.2,19.17,8.56,,,,31.0,13.0,0.036,0.0,0.0,0.0,0.0,Buena,"PM10, PM2.5, O3",2024-03-23
TLA,2024-03-23 14:00:00,0.035,36.0,11.3,19.22,9.45,,,,22.0,9.0,0.035,0.0,0.0,0.0,0.0,Buena,"PM10, PM2.5, O3",2024-03-23
TLA,2024-03-23 15:00:00,0.03,39.0,11.6,19.89,5.29,,,,19.0,7.0,0.03,0.0,0.0,0.0,0.0,Buena,"PM10, PM2.5, O3",2024-03-23
TLA,2024-03-23 16:00:00,0.028,39.0,20.3,20.09,4.45,,,,17.0,9.0,0.028,0.0,0.0,0.0,0.0,Buena,"PM10, PM2.5, O3",2024-03-23
TLA,2024-03-23 17:00:00,0.027,31.0,10.8,19.8,3.28,,,,14.0,7.0,0.027,0.0,0.0,0.0,0.0,Buena,"PM10, PM2.5, O3",2024-03-23
TLA,2024-03-23 18:00:00,0.025,17.0,14.5,19.18,4.82,,,,10.0,7.0,0.025,0.0,0.0,0.0,0.0,Buena,"PM10, PM2.5, O3",2024-03-23
TLA,2024-03-23 19:00:00,0.02,13.0,,19.45,3.32,,,,8.0,7.0,0.02,0.0,0.0,0.0,0.0,Buena,"PM10, PM2.5, O3",2024-03-23
TLA,2024-03-23 20:00:00,0.015,4.0,,19.34,6.72,,,,5.0,,0.015,0.0,,0.0,0.0,Buena,"PM10, O3",2024-03-23
TLA,2024-03-23 21:00:00,0.015,7.0,,19.23,4.58,,,,4.0,,0.015,0.0,,0.0,0.0,Buena,"PM10, O3",2024-03-23
TLA,2024-03-23 22:00:00,0.014,6.0,,19.07,4.92,,,,3.0,,0.014,0.0,,0.0,0.0,Buena,"PM10, O3",2024-03-23
TLA,2024-03-23 23:00:00,0.014,10.0,,18.94,2.65,,,,3.0,,0.014,0.0,,0.0,0.0,Buena,"PM10, O3",2024-03-23
TLA,2024-03-24 00:00:00,0.015,3.0,,18.77,2.38,,,,2.0,,0.015,0.0,,0.0,0.0,Buena,"PM10, O3",2024-03-24
TLA,2024-03-24 01:00:00,0.017,6.0,,18.67,6.46,,,,2.0,,0.017,0.0,,0.0,0.0,Buena,"PM10, O3",2024-03-24
TLA,2024-03-24 02:00:00,0.02,0.0,,18.45,0.04,,,,1.0,,0.02,0.0,,0.0,0.0,Buena,"PM10, O3",2024-03-24
TLA,2024-03-24 03:00:00,0.013,1.0,,18.05,1.11,,,,1.0,,0.013,0.0,,0.0,0.0,Buena,"PM10, O3",2024-03-24
TLA,2024-03-24 04:00:00,0.015,,16.6,17.59,0.94,,,,1.0,,0.015,0.0,,0.0,0.0,Buena,"PM10, O3",2024-03-24
TLA,2024-03-24 05:00:00,0.011,3.0,,17.4,0.45,,,,1.0,,0.011,0.0,,0.0,0.0,Buena,"PM10, O3",2024-03-24
TLA,2024-03-24 06:00:00,0.008,6.0,,17.27,0.36,,,,2.0,,0.008,0.0,,0.0,0.0,Buena,"PM10, O3",2024-03-24
TLA,2024-03-24 07:00:00,0.004,14.0,,17.24,0.04,,,,4.0,,0.004,0.0,,0.0,0.0,Buena,"PM10, O3",2024-03-24
TLA,2024-03-24 08:00:00,0.007,25.0,,17.26,0.72,,,,7.0,,0.007,0.0,,0.0,0.0,Buena,"PM10, O3",2024-03-24
TLA,2024-03-24 09:00:00,0.013,35.0,,17.8,4.78,,,,10.0,,0.013,0.0,,0.0,0.0,Buena,"PM10, O3",2024-03-24
TLA,2024-03-24 10:00:00,0.018,93.0,36.3,19.15,4.4,,,,23.0,,0.018,0.0,,0.0,0.0,Buena,"PM10, O3",2024-03-24
TLA,2024-03-24 11:00:00,0.025,93.0,29.9,19.72,4.67,,,,29.0,16.0,0.025,0.0,1.0,0.0,1.0,Aceptable,PM2.5,2024-03-24
TLA,2024-03-24 12:00:00,0.028,72.0,27.1,19.61,6.72,,,,28.0,15.0,0.028,0.0,0.0,0.0,0.0,Buena,"PM10, PM2.5, O3",2024-03-24
TLA,2024-03-24 13:00:00,0.028,58.0,29.0,19.47,6.72,,,,25.0,15.0,0.028,0.0,0.0,0.0,0.0,Buena,"PM10, PM2.5, O3",2024-03-24
TLA,2024-03-24 14:00:00,0.028,61.0,53.3,19.09,7.23,,,,24.0,21.0,0.028,0.0,1.0,0.0,1.0,Aceptable,PM2.5,2024-03-24
TLA,2024-03-24 15:00:00,0.027,38.0,,18.69,,,,,19.0,21.0,0.027,0.0,1.0,0.0,1.0,Aceptable,PM2.5,2024-03-24
TLA,2024-03-24 16:00:00,0.025,40.0,37.7,18.89,,,,,17.0,19.0,0.025,0.0,1.0,0.0,1.0,Aceptable,PM2.5,2024-03-24
TLA,2024-03-24 17:00:00,0.024,57.0,26.3,19.37,6.96,,,,19.0,16.0,0.024,0.0,1.0,0.0,1.0,Aceptable,PM2.5,2024-03-24
TLA,2024-03-24 18:00:00,0.023,56.0,23.8,19.49,6.6,,,,20.0,14.0,0.023,0.0,0.0,0.0,0.0,Buena,"PM10, PM2.5, O3",2024-03-24
TLA,2024-03-24 19:00:00,0.018,7.0,,19.46,2.36,,,,12.0,14.0,0.018,0.0,0.0,0.0,0.0,Buena,"PM10, PM2.5, O3",2024-03-24
TLA,2024-03-24 20:00:00,0.014,,17.9,19.13,5.36,,,,12.0,10.0,0.014,0.0,0.0,0.0,0.0,Buena,"PM10, PM2.5, O3",2024-03-24
TLA,2024-03-24 21:00:00,0.009,,17.1,18.92,3.27,,,,,9.0,0.009,,0.0,0.0,0.0,Buena,"PM2.5, O3",2024-03-24
TLA,2024-03-24 22:00:00,0.01,2.0,,18.71,2.11,,,,,9.0,0.01,,0.0,0.0,0.0,Buena,"PM2.5, O3",2024-03-24
TLA,2024-03-24 23:00:00,0.012,,19.5,18.61,3.01,,,,,10.0,0.012,,0.0,0.0,0.0,Buena,"PM2.5, O3",2024-03-24
TLA,2024-03-25 00:00:00,0.012,,0.1,18.33,0.58,,,,,4.0,0.012,,0.0,0.0,0.0,Buena,"PM2.5, O3",2024-03-25
TLA,2024-03-25 01:00:00,0.008,,20.8,17.93,0.04,,,,,7.0,0.008,,0.0,0.0,0.0,Buena,"PM2.5, O3",2024-03-25
TLA,2024-03-25 02:00:00,0.008,9.0,,17.52,0.04,,,,,7.0,0.008,,0.0,0.0,0.0,Buena,"PM2.5, O3",2024-03-25
TLA,2024-03-25 03:00:00,0.011,8.0,,17.32,5.32,,,,3.0,,0.011,0.0,,0.0,0.0,Buena,"PM10, O3",2024-03-25
TLA,2024-03-25 04:00:00,0.008,22.0,,17.29,2.14,,,,6.0,,0.008,0.0,,0.0,0.0,Buena,"PM10, O3",2024-03-25
TLA,2024-03-25 05:00:00,0.004,51.0,,17.24,0.04,,,,13.0,,0.004,0.0,,0.0,0.0,Buena,"PM10, O3",2024-03-25
TLA,2024-03-25 06:00:00,0.001,74.0,64.0,17.26,0.36,,,,21.0,,0.001,0.0,,0.0,0.0,Buena,"PM10, O3",2024-03-25
TLA,2024-03-25 07:00:00,0.001,63.0,44.8,17.24,0.04,,,,22.0,25.0,0.001,0.0,1.0,0.0,1.0,Aceptable,PM2.5,2024-03-25
TLA,2024-03-25 08:00:00,0.001,47.0,,17.29,8.28,,,,20.0,25.0,0.001,0.0,1.0,0.0,1.0,Aceptable,PM2.5,2024-03-25
TLA,2024-03-25 09:00:00,0.009,62.0,42.9,17.9,8.9,,,,22.0,23.0,0.009,0.0,1.0,0.0,1.0,Aceptable,PM2.5,2024-03-25
TLA,2024-03-25 10:00:00,0.018,86.0,37.8,18.95,8.55,,,,27.0,20.0,0.018,0.0,1.0,0.0,1.0,Aceptable,PM2.5,2024-03-25
TLA,2024-03-25 11:00:00,0.022,91.0,48.3,19.67,8.38,,,,31.0,22.0,0.022,0.0,1.0,0.0,1.0,Aceptable,PM2.5,2024-03-25
TLA,2024-03-25 12:00:00,0.021,100.0,46.5,19.79,,,,,34.0,23.0,0.021,0.0,1.0,0.0,1.0,Aceptable,PM2.5,2024-03-25
TLA,2024-03-25 13:00:00,0.027,91.0,65.7,19.58,6.49,,,,35.0,27.0,0.027,0.0,1.0,0.0,1.0,Aceptable,PM2.5,2024-03-25
TLA,2024-03-25 14:00:00,0.028,63.0,44.6,19.28,6.48,,,,29.0,25.0,0.028,0.0,1.0,0.0,1.0,Aceptable,PM2.5,2024-03-25
TLA,2024-03-25 15:00:00,0.029,49.0,,19.2,4.98,,,,24.0,25.0,0.029,0.0,1.0,0.0,1.0,Aceptable,PM2.5,2024-03-25
TLA,2024-03-25 16:00:00,0.022,40.0,,19.01,5.17,,,,20.0,,0.022,0.0,,0.0,0.0,Buena,"PM10, O3",2024-03-25
TLA,2024-03-25 17:00:00,0.023,56.0,41.2,19.32,5.36,,,,20.0,,0.023,0.0,,0.0,0.0,Buena,"PM10, O3",2024-03-25
TLA,2024-03-25 18:00:00,0.019,66.0,31.2,19.54,4.54,,,,23.0,18.0,0.019,0.0,1.0,0.0,1.0,Aceptable,PM2.5,2024-03-25
TLA,2024-03-25 19:00:00,0.017,5.0,,19.32,4.41,,,,12.0,18.0,0.017,0.0,1.0,0.0,1.0,Aceptable,PM2.5,2024-03-25
TLA,2024-03-25 20:00:00,0.013,,17.8,19.07,3.0,,,,12.0,11.0,0.013,0.0,0.0,0.0,0.0,Buena,"PM10, PM2.5, O3",2024-03-25
TLA,2024-03-25 21:00:00,0.01,,22.3,18.81,2.4,,,,,11.0,0.01,,0.0,0.0,0.0,Buena,"PM2.5, O3",2024-03-25
TLA,2024-03-25 22:00:00,0.005,2.0,,18.53,0.04,,,,,11.0,0.005,,0.0,0.0,0.0,Buena,"PM2.5, O3",2024-03-25
TLA,2024-03-25 23:00:00,0.003,11.0,,18.28,0.48,,,,4.0,,0.003,0.0,,0.0,0.0,Buena,"PM10, O3",2024-03-25
TLA,2024-03-26 00:00:00,0.007,8.0,,17.77,1.08,,,,3.0,,0.007,0.0,,0.0,0.0,Buena,"PM10, O3",2024-03-26
TLA,2024-03-26 01:00:00,0.005,5.0,,17.43,0.04,,,,3.0,,0.005,0.0,,0.0,0.0,Buena,"PM10, O3",2024-03-26
TLA,2024-03-26 02:00:00,0.014,1.0,,17.3,2.88,,,,1.0,,0.014,0.0,,0.0,0.0,Buena,"PM10, O3",2024-03-26
TLA,2024-03-26 03:00:00,0.003,9.0,,17.2,0.49,,,,2.0,,0.003,0.0,,0.0,0.0,Buena,"PM10, O3",2024-03-26
TLA,2024-03-26 04:00:00,0.005,22.0,,17.18,2.88,,,,5.0,,0.005,0.0,,0.0,0.0,Buena,"PM10, O3",2024-03-26
TLA,2024-03-26 05:00:00,,36.0,,17.26,0.04,,,,10.0,,,0.0,,,0.0,Buena,PM10,2024-03-26
TLA,2024-03-26 06:00:00,0.001,49.0,,17.19,0.71,,,,14.0,,0.001,0.0,,0.0,0.0,Buena,"PM10, O3",2024-03-26
TLA,2024-03-26 07:00:00,0.001,72.0,60.5,17.24,0.84,,,,21.0,,0.001,0.0,,0.0,0.0,Buena,"PM10, O3",2024-03-26
TLA,2024-03-26 08:00:00,0.004,59.0,51.1,17.19,2.15,,,,22.0,27.0,0.004,0.0,1.0,0.0,1.0,Aceptable,PM2.5,2024-03-26
TLA,2024-03-26 09:00:00,0.003,54.0,48.5,17.46,5.06,,,,21.0,26.0,0.003,0.0,1.0,0.0,1.0,Aceptable,PM2.5,2024-03-26
TLA,2024-03-26 10:00:00,0.01,108.0,61.0,18.81,4.92,,,,31.0,28.0,0.01,0.0,1.0,0.0,1.0,Aceptable,PM2.5,2024-03-26
TLA,2024-03-26 11:00:00,0.021,119.0,70.8,19.67,5.11,,,,38.0,31.0,0.021,0.0,1.0,0.0,1.0,Aceptable,PM2.5,2024-03-26
TLA,2024-03-26 12:00:00,0.023,98.0,45.8,19.65,6.96,,,,38.0,28.0,0.023,0.0,1.0,0.0,1.0,Aceptable,PM2.5,2024-03-26
TLA,2024-03-26 13:00:00,0.023,70.0,31.1,19.34,4.2,,,,32.0,21.0,0.023,0.0,1.0,0.0,1.0,Aceptable,PM2.5,2024-03-26
TLA,2024-03-26 14:00:00,0.029,53.0,31.5,18.98,,,,,26.0,19.0,0.029,0.0,1.0,0.0,1.0,Aceptable,PM2.5,2024-03-26
TLA,2024-03-26 15:00:00,0.025,49.0,35.1,19.05,,,,,22.0,18.0,0.025,0.0,1.0,0.0,1.0,Aceptable,PM2.5,2024-03-26
TLA,2024-03-26 16:00:00,0.025,46.0,27.8,18.91,,,,,20.0,16.0,0.025,0.0,1.0,0.0,1.0,Aceptable,PM2.5,2024-03-26
TLA,2024-03-26 17:00:00,0.025,48.0,20.8,19.02,6.2,,,,19.0,13.0,0.025,0.0,0.0,0.0,0.0,Buena,"PM10, PM2.5, O3",2024-03-26
TLA,2024-03-26 18:00:00,0.024,54.0,33.3,19.37,5.11,,,,20.0,15.0,0.024,0.0,0.0,0.0,0.0,Buena,"PM10, PM2.5, O3",2024-03-26
TLA,2024-03-26 19:00:00,0.022,30.0,27.6,19.4,5.3,,,,16.0,14.0,0.022,0.0,0.0,0.0,0.0,Buena,"PM10, PM2.5, O3",2024-03-26
TLA,2024-03-26 20:00:00,0.014,,19.1,19.24,,,,,16.0,12.0,0.014,0.0,0.0,0.0,0.0,Buena,"PM10, PM2.5, O3",2024-03-26
TLA,2024-03-26 21:00:00,0.019,,24.0,19.0,2.4,,,,,12.0,0.019,,0.0,0.0,0.0,Buena,"PM2.5, O3",2024-03-26
TLA,2024-03-26 22:00:00,0.007,6.0,,18.82,0.96,,,,,12.0,0.007,,0.0,0.0,0.0,Buena,"PM2.5, O3",2024-03-26
TLA,2024-03-26 23:00:00,0.01,11.0,,18.62,0.04,,,,4.0,,0.01,0.0,,0.0,0.0,Buena,"PM10, O3",2024-03-26
TLA,2024-03-27 00:00:00,0.002,14.0,,18.26,0.95,,,,5.0,,0.002,0.0,,0.0,0.0,Buena,"PM10, O3",2024-03-27
TLA,2024-03-27 01:00:00,0.001,25.0,,17.71,0.04,,,,7.0,,0.001,0.0,,0.0,0.0,Buena,"PM10, O3",2024-03-27
TLA,2024-03-27 02:00:00,0.001,31.0,,17.37,0.94,,,,10.0,,0.001,0.0,,0.0,0.0,Buena,"PM10, O3",2024-03-27
TLA,2024-03-27 03:00:00,0.005,18.0,,17.23,0.68,,,,8.0,,0.005,0.0,,0.0,0.0,Buena,"PM10, O3",2024-03-27
TLA,2024-03-27 04:00:00,0.004,15.0,,17.16,0.04,,,,7.0,,0.004,0.0,,0.0,0.0,Buena,"PM10, O3",2024-03-27
TLA,2024-03-27 05:00:00,0.002,23.0,,17.2,0.04,,,,8.0,,0.002,0.0,,0.0,0.0,Buena,"PM10, O3",2024-03-27
TLA,2024-03-27 06:00:00,0.001,32.0,,17.17,0.04,,,,10.0,,0.001,0.0,,0.0,0.0,Buena,"PM10, O3",2024-03-27
TLA,2024-03-27 07:00:00,0.0,51.0,,17.13,2.53,,,,15.0,,0.0,0.0,,0.0,0.0,Buena,"PM10, O3",2024-03-27
TLA,2024-03-27 08:00:00,0.001,62.0,,17.24,0.04,,,,19.0,,0.001,0.0,,0.0,0.0,Buena,"PM10, O3",2024-03-27
TLA,2024-03-27 09:00:00,0.002,75.0,74.4,17.59,1.01,,,,24.0,,0.002,0.0,,0.0,0.0,Buena,"PM10, O3",2024-03-27
TLA,2024-03-27 10:00:00,0.011,122.0,64.3,18.95,4.19,,,,35.0,34.0,0.011,0.0,2.0,0.0,2.0,Mala,PM2.5,2024-03-27
TLA,2024-03-27 11:00:00,0.022,126.0,31.3,19.75,5.3,,,,41.0,23.0,0.022,0.0,1.0,0.0,1.0,Aceptable,PM2.5,2024-03-27
TLA,2024-03-27 12:00:00,0.055,108.0,61.1,19.7,4.42,,,,41.0,27.0,0.055,0.0,1.0,0.0,1.0,Aceptable,PM2.5,2024-03-27
TLA,2024-03-27 13:00:00,0.084,125.0,32.8,18.95,0.36,,,,44.0,22.0,0.084,0.0,1.0,1.0,1.0,Aceptable,"PM2.5, O3",2024-03-27
TLA,2024-03-27 14:00:00,0.092,40.0,31.2,18.71,4.7,,,,30.0,19.0,0.092,0.0,1.0,2.0,2.0,Mala,O3,2024-03-27
TLA,2024-03-27 15:00:00,0.089,59.0,29.0,19.17,0.35,,,,26.0,17.0,0.089,0.0,1.0,1.0,1.0,Aceptable,"PM2.5, O3",2024-03-27
TLA,2024-03-27 16:00:00,0.083,81.0,33.9,19.72,7.12,,,,28.0,17.0,0.083,0.0,1.0,1.0,1.0,Aceptable,"PM2.5, O3",2024-03-27
TLA,2024-03-27 17:00:00,0.067,64.0,14.9,19.48,2.73,,,,26.0,12.0,0.067,0.0,0.0,1.0,1.0,Aceptable,O3,2024-03-27
TLA,2024-03-27 18:00:00,0.048,32.0,6.9,18.86,2.35,,,,19.0,8.0,0.048,0.0,0.0,0.0,0.0,Buena,"PM10, PM2.5, O3",2024-03-27
TLA,2024-03-27 19:00:00,0.024,10.0,,18.99,0.82,,,,12.0,8.0,0.024,0.0,0.0,0.0,0.0,Buena,"PM10, PM2.5, O3",2024-03-27
TLA,2024-03-27 20:00:00,0.004,5.0,,18.94,2.16,,,,7.0,,0.004,0.0,,0.0,0.0,Buena,"PM10, O3",2024-03-27
TLA,2024-03-27 21:00:00,,16.0,,18.86,0.04,,,,6.0,,,0.0,,,0.0,Buena,PM10,2024-03-27
TLA,2024-03-27 22:00:00,,32.0,,18.66,2.12,,,,9.0,,,0.0,,,0.0,Buena,PM10,2024-03-27
TLA,2024-03-27 23:00:00,,60.0,,18.54,0.76,,,,16.0,,,0.0,,,0.0,Buena,PM10,2024-03-27
TLA,2024-03-28 00:00:00,,57.0,54.2,18.48,0.37,,,,19.0,,,0.0,,,0.0,Buena,PM10,2024-03-28
TLA,2024-03-28 01:00:00,,58.0,49.3,18.35,0.81,,,,20.0,25.0,,0.0,1.0,,1.0,Aceptable,PM2.5,2024-03-28
TLA,2024-03-28 02:00:00,0.002,59.0,47.9,18.21,0.33,,,,21.0,25.0,0.002,0.0,1.0,0.0,1.0,Aceptable,PM2.5,2024-03-28
TLA,2024-03-28 03:00:00,0.001,49.0,46.7,17.92,0.04,,,,20.0,24.0,0.001,0.0,1.0,0.0,1.0,Aceptable,PM2.5,2024-03-28
TLA,2024-03-28 04:00:00,0.001,40.0,,17.55,0.7,,,,18.0,24.0,0.001,0.0,1.0,0.0,1.0,Aceptable,PM2.5,2024-03-28
TLA,2024-03-28 05:00:00,0.004,27.0,,17.23,2.12,,,,14.0,,0.004,0.0,,0.0,0.0,Buena,"PM10, O3",2024-03-28
TLA,2024-03-28 06:00:00,0.009,30.0,,17.06,1.2,,,,13.0,,0.009,0.0,,0.0,0.0,Buena,"PM10, O3",2024-03-28
TLA,2024-03-28 07:00:00,0.012,46.0,,16.99,4.56,,,,15.0,,0.012,0.0,,0.0,0.0,Buena,"PM10, O3",2024-03-28
TLA,2024-03-28 08:00:00,0.026,55.0,,17.14,4.68,,,,18.0,,0.026,0.0,,0.0,0.0,Buena,"PM10, O3",2024-03-28
TLA,2024-03-28 09:00:00,0.04,66.0,59.5,17.97,5.2,,,,22.0,,0.04,0.0,,0.0,0.0,Buena,"PM10, O3",2024-03-28
TLA,2024-03-28 10:00:00,0.054,101.0,60.4,18.99,2.26,,,,30.0,29.0,0.054,0.0,1.0,0.0,1.0,Aceptable,PM2.5,2024-03-28
TLA,2024-03-28 11:00:00,0.067,117.0,50.1,19.34,3.29,,,,37.0,27.0,0.067,0.0,1.0,1.0,1.0,Aceptable,"PM2.5, O3",2024-03-28
TLA,2024-03-28 12:00:00,0.081,107.0,45.5,19.16,6.72,,,,39.0,26.0,0.081,0.0,1.0,1.0,1.0,Aceptable,"PM2.5, O3",2024-03-28
TLA,2024-03-28 13:00:00,0.084,80.0,38.4,18.79,0.04,,,,35.0,23.0,0.084,0.0,1.0,1.0,1.0,Aceptable,"PM2.5, O3",2024-03-28
TLA,2024-03-28 14:00:00,0.091,59.0,20.2,19.04,5.1,,,,29.0,16.0,0.091,0.0,1.0,2.0,2.0,Mala,O3,2024-03-28
TLA,2024-03-28 15:00:00,0.098,62.0,16.1,19.73,3.19,,,,26.0,12.0,0.098,0.0,0.0,2.0,2.0,Mala,O3,2024-03-28
TLA,2024-03-28 16:00:00,0.097,84.0,29.6,20.77,4.82,,,,29.0,13.0,0.097,0.0,0.0,2.0,2.0,Mala,O3,2024-03-28
TLA,2024-03-28 17:00:00,0.096,74.0,43.2,20.43,2.48,,,,29.0,17.0,0.096,0.0,1.0,2.0,2.0,Mala,O3,2024-03-28
TLA,2024-03-28 18:00:00,0.077,35.0,29.2,19.31,0.04,,,,21.0,16.0,0.077,0.0,1.0,1.0,1.0,Aceptable,"PM2.5, O3",2024-03-28
TLA,2024-03-28 19:00:00,0.046,12.0,,19.02,3.25,,,,13.0,16.0,0.046,0.0,1.0,0.0,1.0,Aceptable,PM2.5,2024-03-28
TLA,2024-03-28 20:00:00,0.039,14.0,,18.95,3.03,,,,9.0,,0.039,0.0,,0.0,0.0,Buena,"PM10, O3",2024-03-28
TLA,2024-03-28 21:00:00,0.043,40.0,,18.96,5.2,,,,12.0,,0.043,0.0,,0.0,0.0,Buena,"PM10, O3",2024-03-28
TLA,2024-03-28 22:00:00,0.052,38.0,,18.91,1.23,,,,13.0,,0.052,0.0,,0.0,0.0,Buena,"PM10, O3",2024-03-28
TLA,2024-03-28 23:00:00,0.05,34.0,34.0,18.84,3.04,,,,13.0,,0.05,0.0,,0.0,0.0,Buena,"PM10, O3",2024-03-28
TLA,2024-03-29 00:00:00,0.05,29.0,28.3,18.68,2.23,,,,12.0,15.0,0.05,0.0,0.0,0.0,0.0,Buena,"PM10, PM2.5, O3",2024-03-29
TLA,2024-03-29 01:00:00,0.047,21.0,,18.65,2.63,,,,10.0,15.0,0.047,0.0,0.0,0.0,0.0,Buena,"PM10, PM2.5, O3",2024-03-29
TLA,2024-03-29 02:00:00,0.035,30.0,21.6,18.57,0.04,,,,11.0,12.0,0.035,0.0,0.0,0.0,0.0,Buena,"PM10, PM2.5, O3",2024-03-29
TLA,2024-03-29 03:00:00,0.024,13.0,,18.37,0.04,,,,8.0,,0.024,0.0,,0.0,0.0,Buena,"PM10, O3",2024-03-29
TLA,2024-03-29 04:00:00,0.01,17.0,,18.14,1.24,,,,7.0,,0.01,0.0,,0.0,0.0,Buena,"PM10, O3",2024-03-29
TLA,2024-03-29 05:00:00,0.012,20.0,,17.8,0.04,,,,7.0,,0.012,0.0,,0.0,0.0,Buena,"PM10, O3",2024-03-29
TLA,2024-03-29 06:00:00,0.003,35.0,,17.48,2.15,,,,10.0,,0.003,0.0,,0.0,0.0,Buena,"PM10, O3",2024-03-29
TLA,2024-03-29 07:00:00,0.009,47.0,,17.34,0.04,,,,14.0,,0.009,0.0,,0.0,0.0,Buena,"PM10, O3",2024-03-29
TLA,2024-03-29 08:00:00,0.034,64.0,,17.62,1.26,,,,19.0,,0.034,0.0,,0.0,0.0,Buena,"PM10, O3",2024-03-29
TLA,2024-03-29 09:00:00,0.053,61.0,52.8,18.55,2.73,,,,21.0,,0.053,0.0,,0.0,0.0,Buena,"PM10, O3",2024-03-29
TLA,2024-03-29 10:00:00,0.07,89.0,53.2,19.16,2.55,,,,28.0,26.0,0.07,0.0,1.0,1.0,1.0,Aceptable,"PM2.5, O3",2024-03-29
TLA,2024-03-29 11:00:00,0.082,114.0,35.6,19.25,2.36,,,,35.0,22.0,0.082,0.0,1.0,1.0,1.0,Aceptable,"PM2.5, O3",2024-03-29
TLA,2024-03-29 12:00:00,0.084,68.0,42.8,18.68,0.74,,,,31.0,21.0,0.084,0.0,1.0,1.0,1.0,Aceptable,"PM2.5, O3",2024-03-29
TLA,2024-03-29 13:00:00,0.087,53.0,32.8,18.61,7.41,,,,25.0,19.0,0.087,0.0,1.0,1.0,1.0,Aceptable,"PM2.5, O3",2024-03-29
TLA,2024-03-29 14:00:00,0.074,41.0,25.4,19.4,2.66,,,,20.0,16.0,0.074,0.0,1.0,1.0,1.0,Aceptable,"PM2.5, O3",2024-03-29
TLA,2024-03-29 15:00:00,0.061,63.0,23.6,20.11,4.95,,,,22.0,14.0,0.061,0.0,0.0,1.0,1.0,Aceptable,O3,2024-03-29
TLA,2024-03-29 16:00:00,0.054,49.0,23.9,20.37,2.12,,,,20.0,13.0,0.054,0.0,0.0,0.0,0.0,Buena,"PM10, PM2.5, O3",2024-03-29
TLA,2024-03-29 17:00:00,0.048,37.0,17.0,20.01,8.37,,,,17.0,11.0,0.048,0.0,0.0,0.0,0.0,Buena,"PM10, PM2.5, O3",2024-03-29
TLA,2024-03-29 18:00:00,0.047,6.0,,19.1,4.82,,,,10.0,11.0,0.047,0.0,0.0,0.0,0.0,Buena,"PM10, PM2.5, O3",2024-03-29
TLA,2024-03-29 19:00:00,0.04,,23.0,18.93,4.81,,,,10.0,11.0,0.04,0.0,0.0,0.0,0.0,Buena,"PM10, PM2.5, O3",2024-03-29
TLA,2024-03-29 20:00:00,0.036,,26.9,18.94,4.72,,,,,12.0,0.036,,0.0,0.0,0.0,Buena,"PM2.5, O3",2024-03-29
TLA,2024-03-29 21:00:00,0.031,12.0,,18.91,2.22,,,,,12.0,0.031,,0.0,0.0,0.0,Buena,"PM2.5, O3",2024-03-29
TLA,2024-03-29 22:00:00,0.028,11.0,,18.84,6.37,,,,5.0,,0.028,0.0,,0.0,0.0,Buena,"PM10, O3",2024-03-29
TLA,2024-03-29 23:00:00,0.03,11.0,,18.77,0.82,,,,4.0,,0.03,0.0,,0.0,0.0,Buena,"PM10, O3",2024-03-29
TLA,2024-03-30 00:00:00,0.025,26.0,,18.73,3.05,,,,7.0,,0.025,0.0,,0.0,0.0,Buena,"PM10, O3",2024-03-30
TLA,2024-03-30 01:00:00,0.025,33.0,,18.6,0.94,,,,10.0,,0.025,0.0,,0.0,0.0,Buena,"PM10, O3",2024-03-30
TLA,2024-03-30 02:00:00,0.021,28.0,,18.46,0.04,,,,10.0,,0.021,0.0,,0.0,0.0,Buena,"PM10, O3",2024-03-30
TLA,2024-03-30 03:00:00,0.007,29.0,,18.29,0.04,,,,11.0,,0.007,0.0,,0.0,0.0,Buena,"PM10, O3",2024-03-30
TLA,2024-03-30 04:00:00,0.004,32.0,,18.09,0.48,,,,11.0,,0.004,0.0,,0.0,0.0,Buena,"PM10, O3",2024-03-30
TLA,2024-03-30 05:00:00,0.006,41.0,,17.83,0.04,,,,14.0,,0.006,0.0,,0.0,0.0,Buena,"PM10, O3",2024-03-30
TLA,2024-03-30 06:00:00,0.001,40.0,,17.49,0.04,,,,14.0,,0.001,0.0,,0.0,0.0,Buena,"PM10, O3",2024-03-30
TLA,2024-03-30 07:00:00,0.002,45.0,,17.35,0.04,,,,16.0,,0.002,0.0,,0.0,0.0,Buena,"PM10, O3",2024-03-30
TLA,2024-03-30 08:00:00,0.019,45.0,,17.7,2.24,,,,16.0,,0.019,0.0,,0.0,0.0,Buena,"PM10, O3",2024-03-30
TLA,2024-03-30 09:00:00,0.043,65.0,34.4,18.59,6.34,,,,21.0,,0.043,0.0,,0.0,0.0,Buena,"PM10, O3",2024-03-30
TLA,2024-03-30 10:00:00,0.064,110.0,50.0,19.23,1.27,,,,31.0,22.0,0.064,0.0,1.0,1.0,1.0,Aceptable,"PM2.5, O3",2024-03-30
TLA,2024-03-30 11:00:00,0.074,101.0,32.7,19.16,4.28,,,,35.0,19.0,0.074,0.0,1.0,1.0,1.0,Aceptable,"PM2.5, O3",2024-03-30
TLA,2024-03-30 12:00:00,0.082,65.0,23.1,18.67,0.59,,,,30.0,15.0,0.082,0.0,0.0,1.0,1.0,Aceptable,O3,2024-03-30
TLA,2024-03-30 13:00:00,0.078,54.0,30.8,19.02,3.06,,,,25.0,15.0,0.078,0.0,0.0,1.0,1.0,Aceptable,O3,2024-03-30
TLA,2024-03-30 14:00:00,0.051,46.0,17.1,19.45,8.91,,,,21.0,12.0,0.051,0.0,0.0,0.0,0.0,Buena,"PM10, PM2.5, O3",2024-03-30
TLA,2024-03-30 15:00:00,0.047,44.0,5.1,20.06,8.43,,,,19.0,7.0,0.047,0.0,0.0,0.0,0.0,Buena,"PM10, PM2.5, O3",2024-03-30
TLA,2024-03-30 16:00:00,0.04,31.0,14.5,20.4,8.52,,,,15.0,7.0,0.04,0.0,0.0,0.0,0.0,Buena,"PM10, PM2.5, O3",2024-03-30
TLA,2024-03-30 17:00:00,0.038,24.0,2.5,20.11,4.56,,,,12.0,4.0,0.038,0.0,0.0,0.0,0.0,Buena,"PM10, PM2.5, O3",2024-03-30
TLA,2024-03-30 18:00:00,0.037,,4.2,19.19,5.36,,,,12.0,3.0,0.037,0.0,0.0,0.0,0.0,Buena,"PM10, PM2.5, O3",2024-03-30
TLA,2024-03-30 19:00:00,0.016,,19.6,18.97,5.35,,,,,6.0,0.016,,0.0,0.0,0.0,Buena,"PM2.5, O3",2024-03-30
TLA,2024-03-30 20:00:00,0.027,,28.6,18.9,8.43,,,,,10.0,0.027,,0.0,0.0,0.0,Buena,"PM2.5, O3",2024-03-30
TLA,2024-03-30 21:00:00,0.034,17.0,,18.85,6.86,,,,,10.0,0.034,,0.0,0.0,0.0,Buena,"PM2.5, O3",2024-03-30
TLA,2024-03-30 22:00:00,0.027,16.0,,18.79,2.09,,,,6.0,,0.027,0.0,,0.0,0.0,Buena,"PM10, O3",2024-03-30
TLA,2024-03-30 23:00:00,0.021,14.0,,18.7,3.15,,,,6.0,,0.021,0.0,,0.0,0.0,Buena,"PM10, O3",2024-03-30
TLA,2024-03-31 00:00:00,0.024,15.0,,18.71,3.16,,,,6.0,,0.024,0.0,,0.0,0.0,Buena,"PM10, O3",2024-03-31
TLA,2024-03-31 01:00:00,0.024,17.0,15.3,18.59,2.38,,,,6.0,,0.024,0.0,,0.0,0.0,Buena,"PM10, O3",2024-03-31
TLA,2024-03-31 02:00:00,0.015,18.0,,18.52,,,,,6.0,,0.015,0.0,,0.0,0.0,Buena,"PM10, O3",2024-03-31
TLA,2024-03-31 03:00:00,0.002,12.0,,18.36,,,,,6.0,,0.002,0.0,,0.0,0.0,Buena,"PM10, O3",2024-03-31
TLA,2024-03-31 04:00:00,0.001,17.0,,18.28,,,,,6.0,,0.001,0.0,,0.0,0.0,Buena,"PM10, O3",2024-03-31
TLA,2024-03-31 05:00:00,0.001,38.0,37.7,18.11,,,,,10.0,,0.001,0.0,,0.0,0.0,Buena,"PM10, O3",2024-03-31
TLA,2024-03-31 06:00:00,0.001,52.0,,17.83,0.48,,,,15.0,,0.001,0.0,,0.0,0.0,Buena,"PM10, O3",2024-03-31
TLA,2024-03-31 07:00:00,0.008,68.0,54.0,17.63,1.21,,,,20.0,25.0,0.008,0.0,1.0,0.0,1.0,Aceptable,PM2.5,2024-03-31
TLA,2024-03-31 08:00:00,0.029,61.0,,18.09,6.2,,,,22.0,,0.029,0.0,,0.0,0.0,Buena,"PM10, O3",2024-03-31
TLA,2024-03-31 09:00:00,0.045,45.0,,18.74,0.84,,,,19.0,,0.045,0.0,,0.0,0.0,Buena,"PM10, O3",2024-03-31
TLA,2024-03-31 10:00:00,0.063,88.0,45.6,19.18,2.49,,,,26.0,,0.063,0.0,,1.0,1.0,Aceptable,O3,2024-03-31
TLA,2024-03-31 11:00:00,0.08,86.0,26.7,19.12,3.05,,,,30.0,17.0,0.08,0.0,1.0,1.0,1.0,Aceptable,"PM2.5, O3",2024-03-31
TLA,2024-03-31 12:00:00,0.062,57.0,26.7,18.82,5.19,,,,26.0,15.0,0.062,0.0,0.0,1.0,1.0,Aceptable,O3,2024-03-31
TLA,2024-03-31 13:00:00,0.046,33.0,3.0,18.95,5.09,,,,19.0,8.0,0.046,0.0,0.0,0.0,0.0,Buena,"PM10, PM2.5, O3",2024-03-31
TLA,2024-03-31 14:00:00,0.045,32.0,8.8,19.68,2.68,,,,16.0,6.0,0.045,0.0,0.0,0.0,0.0,Buena,"PM10, PM2.5, O3",2024-03-31
TLA,2024-03-31 15:00:00,0.05,50.0,13.4,20.63,3.04,,,,17.0,6.0,0.05,0.0,0.0,0.0,0.0,Buena,"PM10, PM2.5, O3",2024-03-31
TLA,2024-03-31 16:00:00,0.041,44.0,10.3,20.94,5.08,,,,17.0,6.0,0.041,0.0,0.0,0.0,0.0,Buena,"PM10, PM2.5, O3",2024-03-31
TLA,2024-03-31 17:00:00,0.039,35.0,5.3,20.37,7.21,,,,15.0,4.0,0.039,0.0,0.0,0.0,0.0,Buena,"PM10, PM2.5, O3",2024-03-31
TLA,2024-03-31 18:00:00,0.033,,4.9,19.03,9.17,,,,15.0,3.0,0.033,0.0,0.0,0.0,0.0,Buena,"PM10, PM2.5, O3",2024-03-31
TLA,2024-03-31 19:00:00,0.033,,17.7,18.85,4.56,,,,,6.0,0.033,,0.0,0.0,0.0,Buena,"PM2.5, O3",2024-03-31
TLA,2024-03-31 20:00:00,0.029,,24.9,18.79,2.09,,,,,9.0,0.029,,0.0,0.0,0.0,Buena,"PM2.5, O3",2024-03-31
TLA,2024-03-31 21:00:00,0.03,0.0,,18.75,0.59,,,,,9.0,0.03,,0.0,0.0,0.0,Buena,"PM2.5, O3",2024-03-31
TLA,2024-03-31 22:00:00,0.02,14.0,,18.69,4.43,,,,4.0,,0.02,0.0,,0.0,0.0,Buena,"PM10, O3",2024-03-31
TLA,2024-03-31 23:00:00,0.018,18.0,,18.61,1.12,,,,6.0,,0.018,0.0,,0.0,0.0,Buena,"PM10, O3",2024-03-31
